date,Year,event_id,best_of,system
2019-05-18,2019,4608,3,122143
2019-05-03,2019,4236,3,123412
2019-04-26,2019,4420,3,123412
2019-04-26,2019,4420,3,123412
2019-04-21,2019,4338,3,123412
2019-04-18,2019,4338,3,123412
2019-04-13,2019,4338,3,123412
2019-04-11,2019,4495,3,123412
2019-04-10,2019,4496,3,123412
2019-04-09,2019,4496,3,123412
2019-04-09,2019,4496,3,123412
2019-04-09,2019,4380,3,123412
2019-04-06,2019,4240,3,123412
2019-04-04,2019,4494,3,123412
2019-04-04,2019,4497,3,123412
2019-04-04,2019,4497,3,123412
2019-04-02,2019,4288,3,123412
2019-04-01,2019,4240,3,123412
2019-04-01,2019,4287,3,123412
2019-03-31,2019,4240,3,123412
2019-03-30,2019,4244,3,123412
2019-03-26,2019,4380,3,123412
2019-03-24,2019,4471,3,123412
2019-03-24,2019,4470,3,123412
2019-03-23,2019,4359,3,123412
2019-03-23,2019,4470,3,123412
2019-03-23,2019,4362,3,123412
2019-03-22,2019,4362,3,123412
2019-03-22,2019,4471,3,123412
2019-03-21,2019,4413,3,123412
2019-03-20,2019,4423,3,123412
2019-03-19,2019,4419,3,123412
2019-03-16,2019,4314,3,123412
2019-03-10,2019,4459,3,123412
2019-03-07,2019,4424,3,123412
2019-03-07,2019,4423,3,123412
2019-03-06,2019,4423,3,123412
2019-03-05,2019,4423,3,123412
2019-03-05,2019,4456,3,123412
2019-03-04,2019,4388,3,123412
2019-03-04,2019,4388,3,123412
2019-03-03,2019,4388,3,123412
2019-03-03,2019,4388,3,123412
2019-03-02,2019,4371,3,123412
2019-02-27,2019,4388,3,123412
2019-02-26,2019,4395,3,123412
2019-02-26,2019,4243,3,123412
2019-02-24,2019,3883,3,123421
2019-02-24,2019,3883,3,123421
2019-02-23,2019,3883,3,123421
2019-02-22,2019,4426,3,123412
2019-02-22,2019,4454,3,123412
2019-02-20,2019,4437,3,123412
2019-02-19,2019,4388,3,123412
2019-02-18,2019,4407,3,123412
2019-02-15,2019,3884,3,123421
2019-02-12,2019,4388,3,123412
2019-02-09,2019,4388,3,123412
2019-02-08,2019,4388,3,123412
2019-02-08,2019,4394,3,123412
2019-02-08,2019,4356,3,123412
2019-02-08,2019,4405,3,123412
2019-02-07,2019,4356,3,123412
2019-02-07,2019,4388,3,123412
2019-02-05,2019,4346,3,123412
2019-02-04,2019,4388,3,123412
2019-02-03,2019,4349,3,123412
2019-01-27,2019,4370,3,123421
2019-01-26,2019,4370,3,123421
2019-01-23,2019,4209,3,123421
2019-01-22,2019,4207,3,123421
2019-01-20,2019,4290,3,123412
2019-01-19,2019,4208,3,123421
2019-01-18,2019,4345,of,123412
2019-01-18,2019,4206,3,123421
2019-01-09,2019,4227,3,123412
2019-01-09,2019,4227,3,123412
2019-01-08,2019,4227,3,123412
2018-12-29,2018,4283,3,123412
2018-12-28,2018,4283,3,123412
2018-12-27,2018,4283,3,123412
2018-12-27,2018,4339,3,123412
2018-12-23,2018,4267,3,123412
2018-12-22,2018,4340,3,123412
2018-12-22,2018,4339,3,123412
2018-12-18,2018,4297,3,123412
2018-12-16,2018,4273,3,123412
2018-12-16,2018,4316,3,123412
2018-12-15,2018,4319,3,123412
2018-12-14,2018,4160,3,123412
2018-12-14,2018,4135,3,123412
2018-12-14,2018,4160,3,123412
2018-12-14,2018,4160,3,123412
2018-12-13,2018,4135,3,123412
2018-12-13,2018,4316,3,123412
2018-12-12,2018,4125,3,123412
2018-12-12,2018,4292,3,123412
2018-12-12,2018,4135,3,123412
2018-12-11,2018,4291,3,123412
2018-12-11,2018,4292,3,123412
2018-12-09,2018,4272,3,123412
2018-12-09,2018,4272,3,123412
2018-12-08,2018,4302,3,123412
2018-12-08,2018,4257,3,123412
2018-12-08,2018,3376,3,123412
2018-12-07,2018,3376,3,123412
2018-12-06,2018,4224,3,123412
2018-12-06,2018,4291,3,123412
2018-12-06,2018,4297,3,123412
2018-12-05,2018,4224,3,123412
2018-12-05,2018,3376,3,123412
2018-12-05,2018,3376,3,123412
2018-12-03,2018,4232,3,123412
2018-12-02,2018,4265,3,123412
2018-12-02,2018,3977,3,123412
2018-11-29,2018,4186,3,123412
2018-11-28,2018,3386,3,123412
2018-11-27,2018,4276,3,121234
2018-11-22,2018,4251,3,122143
2018-11-22,2018,4230,3,123412
2018-11-21,2018,4265,3,123412
2018-11-20,2018,4234,3,123412
2018-11-18,2018,4141,3,123412
2018-11-17,2018,4130,3,123412
2018-11-17,2018,4130,3,123412
2018-11-17,2018,4247,3,123412
2018-11-17,2018,4138,3,123412
2018-11-16,2018,4144,3,123412
2018-11-16,2018,4238,3,123412
2018-11-15,2018,4144,3,123412
2018-11-15,2018,4144,3,123412
2018-11-15,2018,4147,3,123412
2018-11-15,2018,4150,3,123412
2018-11-15,2018,4150,3,123412
2018-11-15,2018,4155,3,123412
2018-11-14,2018,3965,3,123412
2018-11-14,2018,4185,3,123412
2018-11-13,2018,3964,3,123412
2018-11-13,2018,4140,3,123421
2018-11-11,2018,4223,3,123412
2018-11-11,2018,4055,3,123421
2018-11-10,2018,4055,3,123421
2018-11-09,2018,3954,3,123412
2018-11-08,2018,4172,3,123412
2018-11-07,2018,3954,3,123412
2018-11-06,2018,3966,3,123412
2018-11-05,2018,4172,3,123412
2018-11-04,2018,3966,3,123412
2018-11-03,2018,4214,3,123421
2018-11-03,2018,4117,3,123412
2018-11-01,2018,4211,3,123412
2018-10-28,2018,3951,3,123412
2018-10-28,2018,4114,3,123412
2018-10-28,2018,4176,3,123412
2018-10-24,2018,4041,3,123412
2018-10-24,2018,4041,3,123412
2018-10-23,2018,4041,3,123412
2018-10-23,2018,4043,3,123412
2018-10-22,2018,4171,3,123412
2018-10-21,2018,4184,3,123412
2018-10-21,2018,4170,3,123412
2018-10-20,2018,4182,3,123412
2018-10-19,2018,3879,3,123421
2018-10-19,2018,4043,3,123412
2018-10-18,2018,4064,3,123412
2018-10-17,2018,4064,3,123412
2018-10-14,2018,4158,3,123412
2018-10-14,2018,4063,3,123412
2018-10-13,2018,3951,3,123412
2018-10-10,2018,4105,3,123412
2018-10-05,2018,4046,3,123412
2018-10-04,2018,4096,3,123412
2018-10-03,2018,4074,3,123412
2018-10-03,2018,4046,3,123412
2018-10-02,2018,4074,3,123412
2018-10-02,2018,3540,3,123412
2018-10-01,2018,4035,3,123412
2018-09-30,2018,3873,3,123412
2018-09-30,2018,4051,3,123421
2018-09-28,2018,3703,3,123412
2018-09-27,2018,4052,3,123421
2018-09-27,2018,3703,3,123412
2018-09-27,2018,4046,3,123412
2018-09-26,2018,4074,3,123412
2018-09-26,2018,4043,3,123412
2018-09-23,2018,4023,3,123421
2018-09-19,2018,4045,3,123412
2018-09-19,2018,4052,3,123421
2018-09-19,2018,3946,3,123412
2018-09-16,2018,3564,3,123421
2018-09-12,2018,3946,3,123412
2018-09-09,2018,3905,3,123412
2018-09-08,2018,3473,3,123412
2018-09-08,2018,3473,3,123412
2018-09-08,2018,3958,3,123412
2018-09-08,2018,4028,3,123412
2018-09-05,2018,3946,3,123412
2018-09-05,2018,3687,3,123412
2018-09-04,2018,3898,3,123412
2018-09-03,2018,3961,3,123412
2018-09-03,2018,3687,3,123412
2018-09-02,2018,3946,3,123412
2018-09-01,2018,4011,3,123412
2018-09-01,2018,3389,3,123412
2018-08-31,2018,3897,3,123412
2018-08-30,2018,3955,3,123412
2018-08-30,2018,4012,3,123412
2018-08-30,2018,3946,3,123412
2018-08-29,2018,3976,3,123412
2018-08-29,2018,3976,3,123412
2018-08-29,2018,3389,3,123412
2018-08-29,2018,3968,3,123412
2018-08-28,2018,4007,3,123412
2018-08-28,2018,3961,3,123412
2018-08-28,2018,4007,3,123412
2018-08-26,2018,3946,3,123412
2018-08-25,2018,3953,3,123412
2018-08-25,2018,3960,3,123412
2018-08-25,2018,3960,3,123412
2018-08-24,2018,3999,3,123412
2018-08-24,2018,4000,3,123412
2018-08-24,2018,3974,3,123412
2018-08-24,2018,3960,3,123412
2018-08-24,2018,3960,3,123412
2018-08-23,2018,3955,3,123412
2018-08-23,2018,3960,3,123412
2018-08-23,2018,3972,3,123412
2018-08-22,2018,3955,3,123412
2018-08-21,2018,3970,3,123412
2018-08-21,2018,3814,3,123412
2018-08-20,2018,3992,3,123412
2018-08-20,2018,3946,3,123412
2018-08-19,2018,3970,3,123412
2018-08-19,2018,3970,3,123412
2018-08-19,2018,3910,3,123412
2018-08-18,2018,3937,3,123412
2018-08-16,2018,3959,3,123412
2018-08-14,2018,3957,3,123412
2018-08-14,2018,3939,1,123412
2018-08-14,2018,3941,3,123412
2018-08-13,2018,3937,3,123412
2018-08-13,2018,3955,3,123412
2018-08-13,2018,3959,3,123412
2018-08-12,2018,3946,3,123412
2018-08-11,2018,3926,3,123412
2018-08-11,2018,3943,3,123412
2018-08-11,2018,3955,3,123412
2018-08-10,2018,3909,3,123412
2018-08-09,2018,3914,3,123412
2018-08-08,2018,3909,3,123412
2018-08-07,2018,3901,3,123412
2018-08-06,2018,3786,3,123412
2018-08-04,2018,3935,3,123412
2018-08-02,2018,3938,3,123412
2018-07-30,2018,3901,3,123412
2018-07-27,2018,3842,3,123412
2018-07-27,2018,3893,3,123412
2018-07-27,2018,3910,3,123412
2018-07-25,2018,3893,3,123412
2018-07-25,2018,3515,3,123421
2018-07-22,2018,3892,3,123412
2018-07-20,2018,3761,3,123412
2018-07-19,2018,3760,3,123412
2018-07-16,2018,3760,3,123412
2018-07-13,2018,3759,3,123412
2018-07-09,2018,3758,3,123412
2018-07-07,2018,3704,3,123412
2018-07-06,2018,3392,3,123412
2018-07-05,2018,3392,3,123412
2018-07-04,2018,3392,3,123412
2018-07-04,2018,3392,3,123412
2018-07-02,2018,3606,3,123412
2018-07-01,2018,3846,3,123412
2018-07-01,2018,3732,3,123412
2018-07-01,2018,3732,3,123412
2018-07-01,2018,3732,3,123412
2018-06-28,2018,3865,3,123412
2018-06-28,2018,3868,3,123412
2018-06-28,2018,3865,3,123412
2018-06-28,2018,3751,3,123412
2018-06-28,2018,3739,3,123412
2018-06-27,2018,3865,3,123412
2018-06-27,2018,3865,3,123412
2018-06-27,2018,3868,3,123412
2018-06-25,2018,3863,3,121234
2018-06-25,2018,3836,3,123412
2018-06-25,2018,3829,3,123412
2018-06-24,2018,3828,3,123412
2018-06-23,2018,3605,3,123412
2018-06-23,2018,3859,3,123412
2018-06-20,2018,3834,3,123412
2018-06-19,2018,3834,3,123412
2018-06-19,2018,3834,3,123412
2018-06-18,2018,3427,3,123412
2018-06-18,2018,3834,3,123412
2018-06-17,2018,3427,3,123412
2018-06-17,2018,3427,3,123412
2018-06-16,2018,3493,3,123412
2018-06-16,2018,3493,3,123412
2018-06-15,2018,3649,3,123412
2018-06-15,2018,3649,3,123412
2018-06-13,2018,3827,3,123412
2018-06-13,2018,3649,3,123412
2018-06-13,2018,3649,3,123412
2018-06-10,2018,3755,3,123412
2018-06-10,2018,3698,3,123412
2018-06-06,2018,3811,3,123412
2018-06-04,2018,3755,3,123412
2018-06-03,2018,3426,3,123412
2018-06-02,2018,3729,3,123412
2018-06-01,2018,3720,3,123412
2018-06-01,2018,3666,3,123412
2018-06-01,2018,3720,3,123412
2018-05-31,2018,3794,3,123412
2018-05-30,2018,3666,3,123412
2018-05-30,2018,3801,3,123412
2018-05-30,2018,3666,3,123412
2018-05-28,2018,3666,3,123412
2018-05-28,2018,3666,3,123412
2018-05-27,2018,3750,3,123412
2018-05-25,2018,3708,3,123412
2018-05-24,2018,3710,3,123412
2018-05-24,2018,3710,3,123412
2018-05-23,2018,3768,3,123212
2018-05-23,2018,3711,3,123412
2018-05-22,2018,3739,3,123412
2018-05-20,2018,3632,of,123421
2018-05-20,2018,3777,3,123412
2018-05-17,2018,3373,3,123412
2018-05-17,2018,3754,3,123412
2018-05-17,2018,3757,3,123412
2018-05-17,2018,3739,3,123412
2018-05-17,2018,3373,3,123412
2018-05-16,2018,3373,3,123412
2018-05-16,2018,3373,3,123412
2018-05-16,2018,3373,3,123412
2018-05-15,2018,3757,3,123412
2018-05-15,2018,3373,3,123412
2018-05-15,2018,3757,3,123412
2018-05-14,2018,3733,3,123412
2018-05-14,2018,3768,3,123412
2018-05-13,2018,3756,3,123412
2018-05-12,2018,3712,3,123412
2018-05-12,2018,3702,3,123412
2018-05-12,2018,3769,3,123412
2018-05-11,2018,3733,3,123412
2018-05-10,2018,3733,3,123412
2018-05-06,2018,3709,3,123412
2018-05-06,2018,3745,3,123412
2018-05-06,2018,3746,3,123412
2018-05-05,2018,3530,3,123412
2018-05-04,2018,3585,3,123412
2018-05-04,2018,3530,3,123412
2018-05-03,2018,3716,3,123412
2018-05-03,2018,3733,3,123412
2018-05-02,2018,3530,3,123412
2018-05-02,2018,3530,3,123412
2018-05-02,2018,3694,3,123412
2018-05-02,2018,3733,3,123412
2018-04-29,2018,3728,3,123412
2018-04-29,2018,3299,3,123412
2018-04-29,2018,3727,3,123412
2018-04-29,2018,3626,3,123412
2018-04-25,2018,3641,1,123412
2018-04-25,2018,3675,3,123412
2018-04-24,2018,3577,3,123412
2018-04-22,2018,3697,3,123412
2018-04-22,2018,3611,3,123412
2018-04-21,2018,3697,3,123412
2018-04-20,2018,3632,3,123421
2018-04-20,2018,3491,3,123412
2018-04-18,2018,3569,3,123412
2018-04-17,2018,3697,3,123412
2018-04-17,2018,3672,3,123412
2018-04-17,2018,3681,3,123412
2018-04-16,2018,3672,3,123412
2018-04-16,2018,3626,1,121234
2018-04-16,2018,3626,1,121234
2018-04-16,2018,3672,3,123412
2018-04-15,2018,3686,3,123412
2018-04-14,2018,3671,3,123412
2018-04-14,2018,3590,3,123412
2018-04-14,2018,3626,1,121234
2018-04-14,2018,3626,1,121234
2018-04-13,2018,3590,3,123412
2018-04-13,2018,3670,3,123412
2018-04-13,2018,3671,3,123412
2018-04-13,2018,3643,3,123412
2018-04-12,2018,3570,3,123412
2018-04-12,2018,3570,3,123412
2018-04-08,2018,3642,3,123412
2018-04-08,2018,3648,3,321412
2018-04-08,2018,3665,3,123412
2018-04-07,2018,3613,3,123412
2018-04-07,2018,3479,3,123412
2018-04-07,2018,3613,3,123412
2018-04-07,2018,3642,3,123412
2018-04-05,2018,3642,3,123412
2018-04-05,2018,3580,3,123412
2018-04-05,2018,3589,3,123412
2018-04-05,2018,3589,3,123412
2018-04-04,2018,3580,3,123412
2018-04-04,2018,3638,3,123412
2018-04-03,2018,3632,3,123421
2018-04-03,2018,3632,3,123412
2018-04-03,2018,3574,3,123412
2018-04-03,2018,3469,3,123412
2018-04-03,2018,3469,3,123412
2018-04-02,2018,3623,3,123412
2018-04-02,2018,3608,3,123412
2018-03-31,2018,3636,3,123412
2018-03-29,2018,3635,3,123412
2018-03-28,2018,3470,3,123412
2018-03-27,2018,3612,3,123412
2018-03-25,2018,3485,3,123412
2018-03-25,2018,3494,3,123412
2018-03-24,2018,3625,3,123412
2018-03-24,2018,3485,3,123412
2018-03-24,2018,3638,3,123412
2018-03-24,2018,3550,3,123412
2018-03-23,2018,3485,3,123412
2018-03-23,2018,3632,3,123421
2018-03-18,2018,3623,3,123412
2018-03-18,2018,3585,3,123412
2018-03-17,2018,3624,3,123411
2018-03-17,2018,3618,3,123421
2018-03-11,2018,3587,3,123412
2018-03-11,2018,3550,3,123412
2018-03-10,2018,3593,3,123412
2018-03-10,2018,3600,3,123412
2018-03-10,2018,3587,3,123412
2018-03-09,2018,3583,3,123412
2018-03-08,2018,3552,3,123412
2018-03-06,2018,3568,3,123412
2018-03-06,2018,3532,3,123412
2018-03-05,2018,3533,3,123412
2018-03-05,2018,3552,3,123412
2018-03-03,2018,3533,3,123412
2018-03-03,2018,3533,3,123412
2018-03-03,2018,3309,3,123412
2018-03-03,2018,3533,3,123412
2018-03-02,2018,3542,3,123412
2018-03-01,2018,3309,3,123412
2018-03-01,2018,3309,3,123412
2018-02-28,2018,3309,3,123412
2018-02-28,2018,3309,3,123412
2018-02-25,2018,3548,3,123412
2018-02-21,2018,3547,3,123412
2018-02-19,2018,3486,3,123412
2018-02-19,2018,3486,3,123412
2018-02-18,2018,3486,3,123412
2018-02-18,2018,3486,3,123412
2018-02-12,2018,3543,3,123412
2018-02-11,2018,3403,3,123412
2018-02-08,2018,3500,3,123412
2018-02-07,2018,3514,3,123412
2018-02-04,2018,3116,3,123412
2018-02-04,2018,3535,3,121234
2018-02-03,2018,3512,3,123412
2018-02-03,2018,3489,3,123412
2018-02-02,2018,3500,3,123412
2018-02-02,2018,3489,3,123412
2018-02-02,2018,3489,3,123412
2018-02-01,2018,3512,3,123412
2018-02-01,2018,3512,3,123412
2018-02-01,2018,3514,3,123412
2018-01-31,2018,3441,3,123412
2018-01-31,2018,3506,3,123412
2018-01-31,2018,3441,3,123412
2018-01-30,2018,3500,3,123412
2018-01-30,2018,3359,3,123412
2018-01-29,2018,3511,3,123412
2018-01-28,2018,3508,3,121234
2018-01-27,2018,3467,3,121234
2018-01-23,2018,3435,3,123412
2018-01-18,2018,3290,3,123412
2018-01-16,2018,3290,3,123412
2017-12-28,2017,3456,3,123412
2017-12-26,2017,3421,3,123412
2017-12-25,2017,3472,3,123412
2017-12-24,2017,3472,3,123412
2017-12-21,2017,3465,3,123412
2017-12-20,2017,3382,3,123412
2017-12-17,2017,3336,3,123412
2017-12-16,2017,2876,3,123412
2017-12-16,2017,3432,3,123412
2017-12-16,2017,3342,3,123412
2017-12-16,2017,3421,3,123412
2017-12-15,2017,3446,3,123412
2017-12-14,2017,3289,3,123412
2017-12-13,2017,3318,3,123412
2017-12-13,2017,3289,3,123412
2017-12-09,2017,3217,3,123412
2017-12-09,2017,3384,3,123412
2017-12-06,2017,3333,3,123412
2017-12-04,2017,3390,3,123412
2017-12-03,2017,3394,3,123412
2017-12-03,2017,3379,3,123412
2017-12-03,2017,3379,3,123412
2017-12-02,2017,3396,3,122143
2017-11-29,2017,3388,3,123412
2017-11-28,2017,3388,3,123412
2017-11-26,2017,3224,3,123412
2017-11-26,2017,3114,3,123412
2017-11-25,2017,3295,3,121234
2017-11-25,2017,3295,3,121234
2017-11-25,2017,3114,3,123412
2017-11-23,2017,3335,3,123412
2017-11-22,2017,3292,3,123421
2017-11-22,2017,3367,3,123412
2017-11-21,2017,3049,3,123412
2017-11-20,2017,3292,3,123421
2017-11-19,2017,3292,3,123421
2017-11-19,2017,3368,3,123412
2017-11-18,2017,3166,3,123412
2017-11-17,2017,3166,3,123412
2017-11-16,2017,3048,3,123412
2017-11-16,2017,3047,3,123412
2017-11-15,2017,3048,3,123412
2017-11-15,2017,3048,3,123412
2017-11-12,2017,3345,3,123412
2017-11-12,2017,3165,3,123421
2017-11-12,2017,3274,3,123412
2017-11-10,2017,3321,3,123412
2017-11-09,2017,3208,3,123412
2017-11-07,2017,3196,3,121234
2017-11-04,2017,3252,3,123421
2017-11-03,2017,3190,3,123412
2017-11-03,2017,3251,3,123421
2017-11-02,2017,3190,3,123412
2017-11-02,2017,3196,3,121234
2017-10-30,2017,3305,3,123412
2017-10-30,2017,3305,3,123412
2017-10-29,2017,3249,3,123421
2017-10-28,2017,3249,3,123412
2017-10-28,2017,3133,3,123412
2017-10-27,2017,3178,3,123412
2017-10-27,2017,3250,3,123421
2017-10-25,2017,3196,3,121234
2017-10-25,2017,3196,3,121234
2017-10-24,2017,3133,3,123412
2017-10-24,2017,3301,3,123412
2017-10-23,2017,2573,3,123412
2017-10-23,2017,3208,3,123412
2017-10-23,2017,3196,3,121234
2017-10-21,2017,2921,3,123412
2017-10-21,2017,3297,3,123412
2017-10-21,2017,3263,3,123412
2017-10-20,2017,3262,3,123412
2017-10-19,2017,3298,3,123421
2017-10-19,2017,3262,3,123412
2017-10-18,2017,3288,3,123412
2017-10-18,2017,3260,3,123412
2017-10-18,2017,3122,3,123412
2017-10-16,2017,3288,3,123412
2017-10-16,2017,3288,3,123412
2017-10-16,2017,3288,3,123412
2017-10-15,2017,3256,3,123421
2017-10-15,2017,3256,3,123421
2017-10-15,2017,3256,3,123421
2017-10-14,2017,3016,3,123421
2017-10-12,2017,3014,3,123412
2017-10-11,2017,3122,3,123412
2017-10-10,2017,3253,3,123421
2017-10-10,2017,3157,3,123412
2017-10-09,2017,2935,3,123412
2017-10-09,2017,3014,3,123412
2017-10-08,2017,3150,3,123412
2017-10-08,2017,3157,3,123412
2017-10-08,2017,3157,3,123412
2017-10-08,2017,3207,3,123412
2017-10-08,2017,2935,3,123412
2017-10-07,2017,3268,3,123412
2017-10-06,2017,3239,3,121234
2017-10-05,2017,3014,3,123412
2017-10-05,2017,3101,3,123412
2017-10-04,2017,3234,3,123412
2017-10-04,2017,3196,3,121234
2017-10-03,2017,3196,3,121234
2017-10-03,2017,3139,3,123412
2017-10-03,2017,3157,3,123412
2017-10-03,2017,3219,3,123412
2017-10-02,2017,3137,3,123412
2017-10-02,2017,3014,3,123412
2017-10-02,2017,3139,3,123412
2017-10-02,2017,3139,3,123412
2017-10-01,2017,3150,3,123412
2017-10-01,2017,3195,3,123412
2017-09-28,2017,3213,3,123412
2017-09-28,2017,3219,3,123412
2017-09-27,2017,3194,3,123412
2017-09-27,2017,3219,3,123412
2017-09-27,2017,3220,3,123412
2017-09-26,2017,3194,3,123412
2017-09-26,2017,3207,2,121234
2017-09-26,2017,3196,3,121234
2017-09-25,2017,3150,3,123412
2017-09-24,2017,3199,3,123412
2017-09-24,2017,2942,3,123412
2017-09-24,2017,2942,3,123412
2017-09-24,2017,3200,3,123412
2017-09-24,2017,3199,3,123412
2017-09-24,2017,3207,2,121234
2017-09-23,2017,2942,3,123412
2017-09-23,2017,2942,3,123412
2017-09-21,2017,3195,3,123412
2017-09-21,2017,3180,3,123412
2017-09-20,2017,3196,3,121234
2017-09-18,2017,3055,2,121234
2017-09-18,2017,3121,3,123412
2017-09-17,2017,3179,3,123412
2017-09-17,2017,3150,3,123412
2017-09-16,2017,3081,3,123412
2017-09-13,2017,3055,2,121234
2017-09-10,2017,3169,3,123412
2017-09-10,2017,3147,3,123412
2017-09-09,2017,3169,3,123412
2017-09-09,2017,2572,3,123412
2017-09-09,2017,3061,3,123412
2017-09-08,2017,3161,3,122143
2017-09-07,2017,3056,2,121234
2017-09-07,2017,3159,3,123412
2017-09-06,2017,3121,3,123412
2017-09-04,2017,2879,3,123412
2017-09-03,2017,3154,3,123412
2017-09-03,2017,3144,3,123412
2017-09-03,2017,3144,3,123412
2017-09-02,2017,3080,3,123412
2017-09-02,2017,2684,3,123412
2017-09-01,2017,2684,3,123412
2017-08-31,2017,2684,3,123412
2017-08-31,2017,3055,2,121234
2017-08-30,2017,3130,3,123412
2017-08-27,2017,3076,3,123412
2017-08-27,2017,3097,3,123412
2017-08-27,2017,3018,3,123412
2017-08-27,2017,3120,3,123412
2017-08-27,2017,3097,3,123412
2017-08-26,2017,3076,3,123412
2017-08-26,2017,3076,3,123412
2017-08-25,2017,3119,3,123412
2017-08-24,2017,3110,3,123412
2017-08-24,2017,3067,3,123412
2017-08-24,2017,3052,3,123412
2017-08-24,2017,3110,3,123412
2017-08-23,2017,2880,3,123412
2017-08-23,2017,3088,3,123412
2017-08-22,2017,3088,3,123412
2017-08-20,2017,3068,3,123412
2017-08-20,2017,3079,3,121234
2017-08-20,2017,3080,3,123412
2017-08-20,2017,3053,3,123412
2017-08-19,2017,2968,3,123412
2017-08-19,2017,3000,3,122143
2017-08-18,2017,3086,3,123412
2017-08-18,2017,3086,3,123412
2017-08-17,2017,3019,3,123412
2017-08-15,2017,3091,3,123412
2017-08-13,2017,3083,3,123412
2017-08-12,2017,3013,3,122143
2017-08-11,2017,3013,3,122143
2017-08-11,2017,3038,3,123412
2017-08-10,2017,2897,3,123412
2017-08-07,2017,2981,3,123412
2017-08-06,2017,2971,3,123412
2017-08-05,2017,2971,3,123412
2017-08-05,2017,2971,3,123412
2017-08-04,2017,3038,3,123412
2017-08-04,2017,2981,3,123412
2017-08-02,2017,3029,3,123412
2017-08-01,2017,2932,3,123412
2017-07-29,2017,2979,2,121234
2017-07-29,2017,3003,3,123412
2017-07-26,2017,2996,3,121234
2017-07-23,2017,2571,3,123412
2017-07-23,2017,2571,3,123412
2017-07-22,2017,2894,3,123412
2017-07-21,2017,2720,3,123421
2017-07-18,2017,2928,3,121234
2017-07-15,2017,2979,2,121234
2017-07-12,2017,2977,1,121234
2017-07-12,2017,2977,1,121234
2017-07-12,2017,2902,3,123412
2017-07-11,2017,2900,3,123412
2017-07-11,2017,2902,3,123412
2017-07-08,2017,2975,3,123412
2017-07-06,2017,2977,1,121234
2017-07-02,2017,2950,3,123412
2017-07-02,2017,2954,3,123412
2017-07-02,2017,2964,3,123412
2017-07-01,2017,2940,3,123412
2017-07-01,2017,2954,3,123412
2017-06-26,2017,2947,3,123412
2017-06-26,2017,2947,3,123412
2017-06-26,2017,2947,3,123412
2017-06-25,2017,2939,3,123412
2017-06-24,2017,2890,3,123412
2017-06-18,2017,2723,3,123421
2017-06-18,2017,2889,3,123412
2017-06-18,2017,2916,3,123412
2017-06-16,2017,2723,3,123421
2017-06-15,2017,2723,3,123421
2017-06-15,2017,2916,3,123412
2017-06-14,2017,2916,3,123412
2017-06-13,2017,2916,3,123412
2017-06-11,2017,2757,3,123412
2017-06-11,2017,2724,3,123421
2017-06-11,2017,2898,3,123412
2017-06-10,2017,2722,3,123423
2017-06-10,2017,2724,3,123421
2017-06-10,2017,2724,3,123421
2017-06-10,2017,2757,3,123412
2017-06-09,2017,2722,3,123423
2017-06-08,2017,2860,3,121234
2017-06-07,2017,2860,3,121234
2017-06-07,2017,2860,3,121234
2017-06-03,2017,2892,3,123412
2017-06-03,2017,2557,3,123412
2017-05-29,2017,2830,3,123412
2017-05-27,2017,2777,3,123412
2017-05-26,2017,2872,3,123412
2017-05-26,2017,2877,3,123412
2017-05-25,2017,2878,3,123412
2017-05-25,2017,2878,3,123412
2017-05-24,2017,2877,3,123412
2017-05-24,2017,2877,3,123412
2017-05-22,2017,2843,3,121234
2017-05-21,2017,2792,3,123412
2017-05-21,2017,2863,3,123412
2017-05-20,2017,2792,3,123412
2017-05-18,2017,2830,1,121234
2017-05-18,2017,2830,1,121234
2017-05-16,2017,2843,3,121234
2017-05-14,2017,2749,3,123412
2017-05-14,2017,2843,3,121234
2017-05-14,2017,2749,3,123412
2017-05-13,2017,2852,3,122143
2017-05-13,2017,2843,3,121234
2017-05-12,2017,2813,3,123412
2017-05-12,2017,2852,3,122143
2017-05-10,2017,2837,3,123412
2017-05-10,2017,2843,3,121234
2017-05-08,2017,2568,3,123412
2017-05-07,2017,2807,3,123412
2017-05-07,2017,2843,3,121234
2017-05-06,2017,2772,3,121234
2017-05-06,2017,2772,3,121234
2017-05-05,2017,2813,3,123412
2017-05-04,2017,2831,3,123412
2017-04-30,2017,2835,2,121234
2017-04-28,2017,2825,3,123412
2017-04-27,2017,2787,3,123412
2017-04-27,2017,2825,3,123412
2017-04-24,2017,2781,3,123412
2017-04-24,2017,2781,3,123412
2017-04-23,2017,2641,3,123412
2017-04-23,2017,2790,3,121234
2017-04-22,2017,2808,3,123412
2017-04-22,2017,2785,3,123412
2017-04-20,2017,2641,3,123412
2017-04-20,2017,2779,3,121234
2017-04-08,2017,2673,3,123412
2017-04-08,2017,2683,3,123412
2017-04-06,2017,2748,3,123412
2017-04-05,2017,2760,3,123412
2017-04-03,2017,2731,3,123412
2017-04-02,2017,2744,3,123412
2017-04-02,2017,2744,3,123412
2017-04-02,2017,2731,3,123412
2017-04-02,2017,2746,3,123412
2017-04-01,2017,2755,3,123412
2017-03-31,2017,2731,3,123412
2017-03-29,2017,2760,3,123412
2017-03-27,2017,2738,3,123412
2017-03-22,2017,2730,3,123412
2017-03-22,2017,2733,3,123412
2017-03-22,2017,2733,3,123412
2017-03-19,2017,2160,3,123412
2017-03-19,2017,2733,3,123412
2017-03-18,2017,2160,3,123412
2017-03-17,2017,2708,3,123412
2017-03-17,2017,2703,2,121234
2017-03-16,2017,2254,2,121234
2017-03-16,2017,2708,3,123412
2017-03-16,2017,2702,2,121234
2017-03-15,2017,2687,3,123412
2017-03-14,2017,2710,3,123412
2017-03-14,2017,2688,3,123412
2017-03-13,2017,2688,3,123412
2017-03-13,2017,2702,2,121234
2017-03-12,2017,2718,3,123412
2017-03-12,2017,2702,2,121234
2017-03-09,2017,2688,3,123412
2017-03-09,2017,2712,3,123412
2017-03-08,2017,2712,3,123412
2017-03-06,2017,2710,3,123412
2017-03-03,2017,2637,3,123412
2017-03-02,2017,2687,3,123412
2017-02-28,2017,2688,3,123412
2017-02-28,2017,2688,3,123412
2017-02-28,2017,2688,3,123412
2017-02-28,2017,2702,2,121234
2017-02-27,2017,2688,3,123412
2017-02-25,2017,2688,3,123412
2017-02-21,2017,2687,3,123412
2017-02-21,2017,2688,3,123412
2017-02-19,2017,2541,3,123412
2017-02-13,2017,2685,3,123412
2017-02-11,2017,2685,3,123412
2017-02-09,2017,2659,3,123412
2017-02-05,2017,2655,3,123412
2017-02-05,2017,2655,3,123412
2017-02-04,2017,2655,3,123412
2017-02-04,2017,2657,3,123412
2017-02-02,2017,2670,3,123412
2017-02-02,2017,2654,3,123412
2017-01-30,2017,2667,3,123412
2017-01-28,2017,2471,3,123412
2017-01-27,2017,2471,3,123412
2017-01-26,2017,2645,3,123412
2017-01-26,2017,2661,3,123412
2017-01-15,2017,2566,3,123412
2017-01-15,2017,2564,3,123412
2017-01-15,2017,2648,3,123412
2017-01-15,2017,2566,3,123412
2017-01-14,2017,2564,3,123412
2017-01-14,2017,2564,3,123412
2017-01-14,2017,2566,3,123412
2017-01-12,2017,2647,3,123412
2017-01-10,2017,2609,3,123412
2017-01-09,2017,2633,3,123412
2016-12-27,2016,2629,3,123412
2016-12-16,2016,2613,3,123412
2016-12-11,2016,2367,3,123412
2016-12-11,2016,2367,3,123412
2016-12-10,2016,2536,3,123412
2016-12-10,2016,2367,3,123412
2016-12-04,2016,2589,3,123412
2016-12-04,2016,2607,3,123412
2016-12-04,2016,2555,3,123412
2016-12-03,2016,2547,3,121234
2016-11-30,2016,2578,3,123412
2016-11-26,2016,2511,3,121234
2016-11-26,2016,2591,3,123412
2016-11-24,2016,2546,1,121234
2016-11-24,2016,2546,1,121234
2016-11-21,2016,2559,3,123412
2016-11-21,2016,2536,3,123412
2016-11-20,2016,2380,3,124321
2016-11-20,2016,2587,3,123412
2016-11-19,2016,2587,3,123412
2016-11-18,2016,2380,3,123412
2016-11-17,2016,2546,1,121234
2016-11-17,2016,2546,1,121234
2016-11-14,2016,2454,3,123412
2016-11-12,2016,2453,3,121234
2016-11-12,2016,2453,3,121234
2016-11-12,2016,2453,3,121234
2016-11-12,2016,2423,3,123412
2016-11-12,2016,2453,3,121234
2016-11-12,2016,2453,3,121234
2016-11-12,2016,2286,3,123412
2016-11-11,2016,2286,3,123412
2016-11-11,2016,2423,3,123412
2016-11-11,2016,2423,3,123412
2016-11-11,2016,2546,1,121234
2016-11-11,2016,2546,1,121234
2016-11-10,2016,2536,3,123412
2016-11-06,2016,2504,3,123412
2016-11-05,2016,2552,3,123412
2016-11-05,2016,2480,3,123412
2016-11-05,2016,2431,3,123412
2016-11-04,2016,2431,3,123412
2016-11-03,2016,2550,3,123412
2016-11-01,2016,2536,3,123412
2016-10-28,2016,2497,3,123412
2016-10-25,2016,2532,3,123412
2016-10-22,2016,2466,3,121234
2016-10-21,2016,2527,3,121234
2016-10-17,2016,2410,1,121234
2016-10-17,2016,2410,1,121234
2016-10-17,2016,2380,3,123412
2016-10-16,2016,2524,3,123412
2016-10-16,2016,2524,3,123412
2016-10-16,2016,2524,3,123412
2016-10-16,2016,2524,3,123412
2016-10-16,2016,2524,3,123412
2016-10-16,2016,2388,3,123412
2016-10-13,2016,2512,3,121234
2016-10-09,2016,2388,2,121234
2016-10-08,2016,2496,3,123412
2016-10-06,2016,2490,3,123412
2016-10-02,2016,2345,3,121234
2016-10-01,2016,2345,3,121234
2016-09-29,2016,2468,3,123412
2016-09-29,2016,2419,2,121234
2016-09-27,2016,2397,3,123412
2016-09-22,2016,2451,3,123412
2016-09-21,2016,2419,2,121234
2016-09-20,2016,2413,3,123412
2016-09-20,2016,2446,3,121234
2016-09-18,2016,2112,3,123412
2016-09-16,2016,2406,3,123412
2016-09-15,2016,2436,3,123412
2016-09-14,2016,2406,3,123412
2016-09-13,2016,2413,3,123412
2016-09-13,2016,2413,3,123412
2016-09-12,2016,2388,2,121234
2016-09-11,2016,2325,3,121234
2016-09-10,2016,2325,3,121234
2016-09-09,2016,2422,3,123412
2016-09-07,2016,2402,3,123412
2016-09-07,2016,2262,3,123412
2016-09-04,2016,2346,3,121234
2016-09-03,2016,2391,3,123412
2016-09-03,2016,2285,3,123412
2016-09-03,2016,2285,3,123412
2016-09-01,2016,2285,3,123412
2016-09-01,2016,2380,3,123412
2016-09-01,2016,2380,3,123412
2016-08-27,2016,2324,3,124312
2016-08-27,2016,2387,3,123412
2016-08-25,2016,2349,3,123412
2016-08-23,2016,2364,3,121234
2016-08-23,2016,2349,3,123412
2016-08-21,2016,2320,3,123412
2016-08-19,2016,2380,3,123412
2016-08-19,2016,2364,3,121234
2016-08-18,2016,2348,3,121234
2016-08-15,2016,2374,3,121234
2016-08-14,2016,2364,3,121234
2016-08-14,2016,2374,3,121234
2016-08-11,2016,2364,3,121234
2016-07-24,2016,2310,3,123412
2016-04-16,2016,2099,3,123412
2016-04-16,2016,2099,3,123412
2016-04-14,2016,2099,3,123412
2016-04-14,2016,2099,3,123412
2019-07-11,2019,4733,3,123412
2019-05-18,2019,4608,3,122143
2019-05-09,2019,4550,3,123412
2019-04-26,2019,4420,3,123412
2019-04-25,2019,4564,3,123412
2019-04-25,2019,4564,3,123412
2019-04-12,2019,4368,3,123412
2019-04-12,2019,4495,3,123412
2019-04-10,2019,4496,3,123412
2019-04-09,2019,4496,3,123412
2019-04-06,2019,4519,3,123412
2019-04-03,2019,4240,3,123412
2019-03-31,2019,4244,3,123412
2019-03-31,2019,4240,3,123412
2019-03-30,2019,4240,3,123412
2019-03-29,2019,4494,3,123412
2019-03-28,2019,4497,3,123412
2019-03-25,2019,4287,3,123412
2019-03-24,2019,4469,3,123412
2019-03-23,2019,4470,3,123412
2019-03-22,2019,4469,3,123412
2019-03-22,2019,4365,3,123412
2019-03-22,2019,4471,3,123412
2019-03-22,2019,4470,3,123412
2019-03-22,2019,4469,3,123412
2019-03-20,2019,4435,3,123412
2019-03-18,2019,4419,3,123412
2019-03-17,2019,4452,3,123412
2019-03-16,2019,4314,3,123412
2019-03-16,2019,4452,3,123412
2019-03-13,2019,4314,3,123412
2019-03-11,2019,4418,3,123412
2019-03-10,2019,4459,3,123412
2019-03-07,2019,4424,3,123412
2019-03-07,2019,4423,3,123412
2019-03-07,2019,4423,3,123412
2019-02-28,2019,4440,3,123412
2019-02-28,2019,4373,1,123412
2019-02-28,2019,4388,3,123412
2019-02-26,2019,4388,3,123412
2019-02-25,2019,4243,3,123412
2019-02-23,2019,3883,3,123421
2019-02-22,2019,3883,3,123421
2019-02-21,2019,3883,3,123421
2019-02-20,2019,4426,3,123412
2019-02-19,2019,4426,3,123412
2019-02-19,2019,4407,3,123412
2019-02-19,2019,4243,2,121234
2019-02-16,2019,4379,3,123412
2019-02-14,2019,4407,3,123412
2019-02-10,2019,4395,3,123412
2019-02-10,2019,4388,3,123412
2019-02-08,2019,4346,3,123412
2019-02-07,2019,4356,3,123412
2019-02-07,2019,4356,3,123412
2019-02-06,2019,4394,3,123412
2019-02-05,2019,4406,3,123412
2019-02-05,2019,4346,3,123412
2019-02-05,2019,4405,3,123412
2019-02-04,2019,4394,3,123412
2019-02-03,2019,4346,3,123412
2019-02-03,2019,4346,3,123412
2019-02-02,2019,4349,3,123412
2019-02-01,2019,4349,3,123412
2019-01-30,2019,4394,3,123412
2019-01-29,2019,4348,3,123412
2019-01-26,2019,4370,3,123421
2019-01-26,2019,4209,3,123421
2019-01-26,2019,4370,3,123421
2019-01-25,2019,4209,3,123421
2019-01-24,2019,4207,3,123421
2019-01-21,2019,4273,3,123412
2019-01-17,2019,4208,3,123421
2019-01-17,2019,4206,3,123421
2019-01-16,2019,4206,3,123421
2019-01-14,2019,4347,3,123412
2019-01-14,2019,4345,3,123412
2019-01-14,2019,4347,3,123412
2019-01-14,2019,4347,3,123412
2019-01-13,2019,4347,3,123412
2019-01-10,2019,4344,3,123412
2019-01-09,2019,4227,3,123412
2019-01-08,2019,4227,3,123412
2019-01-08,2019,4227,3,123412
2019-01-08,2019,4227,3,123412
2018-12-24,2018,4339,3,123412
2018-12-23,2018,4340,3,123412
2018-12-22,2018,4340,3,123412
2018-12-18,2018,4291,3,123412
2018-12-16,2018,4291,3,123412
2018-12-16,2018,4325,3,123412
2018-12-15,2018,4319,3,123412
2018-12-15,2018,4291,3,123412
2018-12-15,2018,4205,3,123412
2018-12-14,2018,4135,3,123412
2018-12-14,2018,4160,3,123412
2018-12-13,2018,4125,3,123412
2018-12-13,2018,4125,3,123412
2018-12-12,2018,4135,3,123412
2018-12-12,2018,4135,3,123412
2018-12-11,2018,4291,3,123412
2018-12-11,2018,4224,3,123412
2018-12-10,2018,4221,3,123412
2018-12-09,2018,4257,3,123412
2018-12-06,2018,3376,3,123412
2018-12-05,2018,4259,3,123412
2018-12-04,2018,4014,3,123412
2018-11-30,2018,4081,3,123412
2018-11-28,2018,4265,3,123412
2018-11-27,2018,4265,3,123412
2018-11-22,2018,4230,3,123412
2018-11-21,2018,4251,3,122143
2018-11-20,2018,4185,3,123412
2018-11-20,2018,4254,3,123412
2018-11-19,2018,4141,3,123412
2018-11-19,2018,4141,3,123412
2018-11-19,2018,4141,3,123412
2018-11-18,2018,4247,3,123412
2018-11-17,2018,4130,3,123412
2018-11-17,2018,3429,3,123412
2018-11-15,2018,3965,3,123412
2018-11-15,2018,4153,3,123412
2018-11-14,2018,4238,3,123412
2018-11-11,2018,4123,3,123421
2018-11-10,2018,4166,3,123412
2018-11-09,2018,3954,3,123412
2018-11-08,2018,4218,3,123412
2018-11-07,2018,3954,3,123412
2018-11-07,2018,3954,3,123412
2018-11-06,2018,3966,3,123412
2018-11-05,2018,3966,3,123412
2018-11-04,2018,4211,3,123412
2018-11-03,2018,4214,3,123421
2018-11-02,2018,4204,3,123412
2018-11-02,2018,4162,3,123412
2018-10-31,2018,4211,3,123412
2018-10-30,2018,4122,3,123412
2018-10-28,2018,4176,3,123412
2018-10-28,2018,4176,3,123412
2018-10-24,2018,3985,3,123412
2018-10-22,2018,4102,3,123412
2018-10-21,2018,3483,3,123412
2018-10-21,2018,4170,3,123412
2018-10-20,2018,4179,3,123412
2018-10-19,2018,3879,3,123421
2018-10-19,2018,4157,3,123412
2018-10-19,2018,3879,3,123421
2018-10-19,2018,4178,3,123412
2018-10-17,2018,4105,3,123412
2018-10-17,2018,4045,3,123412
2018-10-13,2018,3891,3,123412
2018-10-12,2018,4116,3,123412
2018-10-12,2018,4116,3,123412
2018-10-12,2018,3891,3,123412
2018-10-11,2018,4052,3,123421
2018-10-10,2018,4042,3,123412
2018-10-08,2018,4051,3,123412
2018-10-05,2018,4105,3,123412
2018-10-03,2018,4052,3,123421
2018-10-02,2018,4107,3,123412
2018-10-01,2018,4046,3,123412
2018-10-01,2018,4051,3,123421
2018-09-28,2018,4018,3,123412
2018-09-27,2018,4051,3,123412
2018-09-24,2018,4010,3,123412
2018-09-19,2018,3946,3,123412
2018-09-18,2018,4019,3,123412
2018-09-16,2018,3946,3,123412
2018-09-15,2018,4018,3,123412
2018-09-09,2018,4028,3,123412
2018-09-06,2018,3898,3,123412
2018-09-03,2018,3898,3,123412
2018-09-02,2018,3946,3,123412
2018-09-01,2018,3952,3,123412
2018-09-01,2018,3952,3,123412
2018-08-30,2018,3897,3,123412
2018-08-30,2018,3976,3,123412
2018-08-30,2018,3389,3,123412
2018-08-29,2018,3897,3,123412
2018-08-29,2018,3976,3,123412
2018-08-29,2018,3968,3,123412
2018-08-28,2018,3961,3,123412
2018-08-26,2018,3961,3,123412
2018-08-25,2018,3955,3,123412
2018-08-25,2018,3953,3,123412
2018-08-24,2018,3953,3,123412
2018-08-24,2018,3603,3,123412
2018-08-23,2018,3974,3,123412
2018-08-23,2018,3960,3,123412
2018-08-21,2018,3970,3,123412
2018-08-21,2018,3960,3,123412
2018-08-20,2018,3992,3,123412
2018-08-20,2018,3960,3,123412
2018-08-20,2018,3955,3,123412
2018-08-19,2018,3955,3,123412
2018-08-19,2018,3959,3,123412
2018-08-19,2018,3960,3,123412
2018-08-19,2018,3781,3,123412
2018-08-17,2018,3912,3,123412
2018-08-17,2018,3909,3,123412
2018-08-17,2018,3932,3,123412
2018-08-17,2018,3937,3,123412
2018-08-17,2018,3959,3,123412
2018-08-17,2018,3960,3,123412
2018-08-14,2018,3936,3,123412
2018-08-14,2018,3937,3,123412
2018-08-12,2018,3947,3,121234
2018-08-11,2018,3947,3,122143
2018-08-11,2018,3926,3,123412
2018-08-10,2018,3901,3,123412
2018-08-10,2018,3941,3,123412
2018-08-09,2018,3936,3,123412
2018-08-09,2018,3941,3,123412
2018-08-07,2018,3928,3,123412
2018-08-07,2018,3753,3,123412
2018-08-07,2018,3687,3,123412
2018-08-05,2018,3786,3,123412
2018-08-05,2018,3786,3,123412
2018-08-05,2018,3786,3,123412
2018-08-03,2018,3938,3,123412
2018-08-03,2018,3899,3,123412
2018-08-02,2018,3833,3,123412
2018-08-02,2018,3899,3,123412
2018-08-01,2018,3909,3,123412
2018-08-01,2018,3893,3,123412
2018-07-31,2018,3928,3,123412
2018-07-29,2018,3890,3,123412
2018-07-28,2018,3893,3,123412
2018-07-27,2018,3842,3,123412
2018-07-27,2018,3910,3,123412
2018-07-26,2018,3892,3,123412
2018-07-24,2018,3515,3,123421
2018-07-23,2018,3515,3,123421
2018-07-22,2018,3481,3,123412
2018-07-21,2018,3515,3,123421
2018-07-20,2018,3893,3,123412
2018-07-18,2018,3760,3,123412
2018-07-16,2018,3760,3,123412
2018-07-15,2018,3886,3,123412
2018-07-12,2018,3759,3,123412
2018-07-12,2018,3759,3,123412
2018-07-11,2018,3759,3,123412
2018-07-11,2018,3860,3,123412
2018-07-07,2018,3742,3,123412
2018-07-07,2018,3758,3,123412
2018-07-03,2018,3819,3,123412
2018-07-01,2018,3732,3,123412
2018-07-01,2018,3732,3,123412
2018-06-30,2018,3846,3,123412
2018-06-30,2018,3845,3,123412
2018-06-30,2018,3732,3,123412
2018-06-30,2018,3827,3,123412
2018-06-26,2018,3831,3,123412
2018-06-26,2018,3836,3,123412
2018-06-26,2018,3831,3,123412
2018-06-26,2018,3829,3,123412
2018-06-26,2018,3831,3,123412
2018-06-25,2018,3836,3,123412
2018-06-24,2018,3849,3,123412
2018-06-24,2018,3852,3,123412
2018-06-24,2018,3605,3,123412
2018-06-23,2018,3856,3,123412
2018-06-23,2018,3856,3,123412
2018-06-22,2018,3835,3,123412
2018-06-21,2018,3844,3,123412
2018-06-21,2018,3844,3,123412
2018-06-19,2018,3834,3,123412
2018-06-18,2018,3834,3,123412
2018-06-18,2018,3834,3,123412
2018-06-17,2018,3493,3,123412
2018-06-17,2018,3810,3,123412
2018-06-16,2018,3850,3,123412
2018-06-15,2018,3714,3,123412
2018-06-15,2018,3714,3,123412
2018-06-14,2018,3714,3,123412
2018-06-10,2018,3721,3,123412
2018-06-09,2018,3460,3,123412
2018-06-09,2018,3651,3,123412
2018-06-08,2018,3811,3,123412
2018-06-06,2018,3770,3,123412
2018-06-04,2018,3585,3,123412
2018-06-01,2018,3729,3,123412
2018-05-30,2018,3666,3,123412
2018-05-28,2018,3739,3,123412
2018-05-26,2018,3794,3,123412
2018-05-25,2018,3794,3,123412
2018-05-25,2018,3794,3,123412
2018-05-25,2018,3706,3,123412
2018-05-25,2018,3710,3,123412
2018-05-22,2018,3768,3,123412
2018-05-22,2018,3768,3,123412
2018-05-20,2018,3777,3,123412
2018-05-20,2018,3641,3,123412
2018-05-18,2018,3754,3,123412
2018-05-17,2018,3757,3,123412
2018-05-16,2018,3373,3,123412
2018-05-13,2018,3756,3,123412
2018-05-13,2018,3656,3,123412
2018-05-12,2018,3656,3,123412
2018-05-12,2018,3741,3,121234
2018-05-12,2018,3733,3,123412
2018-05-11,2018,3656,3,123412
2018-05-10,2018,3677,3,123412
2018-05-09,2018,3716,3,123412
2018-05-09,2018,3677,3,123412
2018-05-09,2018,3679,3,123412
2018-05-09,2018,3677,3,123412
2018-05-07,2018,3585,3,123412
2018-05-06,2018,3745,3,123412
2018-05-06,2018,3745,3,123412
2018-05-03,2018,3530,3,123412
2018-05-03,2018,3530,3,123412
2018-05-02,2018,3530,3,123412
2018-05-01,2018,3530,3,123412
2018-04-30,2018,3570,3,123412
2018-04-29,2018,3728,3,123412
2018-04-29,2018,3726,3,123412
2018-04-27,2018,3723,3,123412
2018-04-26,2018,3697,3,123412
2018-04-26,2018,3723,3,123412
2018-04-26,2018,3697,3,123412
2018-04-25,2018,3697,3,123412
2018-04-24,2018,3697,3,123412
2018-04-24,2018,3716,3,123412
2018-04-23,2018,3626,1,121234
2018-04-23,2018,3626,1,121234
2018-04-23,2018,3697,3,123412
2018-04-22,2018,3626,1,121234
2018-04-22,2018,3626,1,121234
2018-04-20,2018,3611,3,123412
2018-04-18,2018,3573,3,123412
2018-04-17,2018,3569,3,123412
2018-04-16,2018,3678,3,123412
2018-04-16,2018,3631,3,123421
2018-04-15,2018,3685,3,123412
2018-04-14,2018,3670,3,123412
2018-04-14,2018,3671,3,123412
2018-04-14,2018,3671,3,123412
2018-04-14,2018,3626,1,121234
2018-04-14,2018,3626,1,121234
2018-04-13,2018,3670,3,123412
2018-04-13,2018,3672,3,123412
2018-04-10,2018,3540,3,123412
2018-04-09,2018,3580,3,123412
2018-04-09,2018,3589,3,123412
2018-04-08,2018,3663,3,123412
2018-04-08,2018,3663,3,123412
2018-04-08,2018,3661,3,123412
2018-04-07,2018,3648,3,123412
2018-04-07,2018,3479,3,123412
2018-04-06,2018,3632,3,123421
2018-04-04,2018,3637,3,123412
2018-04-03,2018,3632,3,123421
2018-04-02,2018,3608,3,123412
2018-04-01,2018,3608,3,123412
2018-04-01,2018,3471,3,123412
2018-03-31,2018,3471,3,123412
2018-03-31,2018,3650,3,123412
2018-03-31,2018,3608,3,123412
2018-03-30,2018,3471,3,123412
2018-03-30,2018,3170,3,123412
2018-03-29,2018,3470,3,123412
2018-03-29,2018,3637,3,123412
2018-03-28,2018,3623,3,123412
2018-03-27,2018,3612,3,123412
2018-03-26,2018,3585,3,123412
2018-03-25,2018,3598,3,123412
2018-03-25,2018,3598,3,123412
2018-03-24,2018,3485,3,123412
2018-03-24,2018,3485,3,123412
2018-03-24,2018,3485,3,123412
2018-03-24,2018,3640,3,123412
2018-03-23,2018,3625,3,123412
2018-03-23,2018,3632,3,123421
2018-03-23,2018,3637,3,123412
2018-03-23,2018,3494,1,111224
2018-03-23,2018,3494,1,111224
2018-03-22,2018,3553,3,123421
2018-03-21,2018,3550,3,123412
2018-03-18,2018,3581,3,123412
2018-03-18,2018,3631,3,123421
2018-03-18,2018,3624,3,123412
2018-03-17,2018,3112,3,123412
2018-03-15,2018,3581,3,123412
2018-03-15,2018,3540,3,123412
2018-03-15,2018,3540,3,123412
2018-03-14,2018,3585,3,123412
2018-03-13,2018,3543,3,131411
2018-03-12,2018,3600,3,123412
2018-03-11,2018,3581,3,123412
2018-03-09,2018,3550,3,123412
2018-03-09,2018,3587,3,123412
2018-03-08,2018,3568,3,123412
2018-03-08,2018,3583,3,123412
2018-03-08,2018,3583,3,123412
2018-03-07,2018,3568,3,123412
2018-03-05,2018,3600,3,123412
2018-03-03,2018,3586,3,123412
2018-03-02,2018,3309,3,123412
2018-03-01,2018,3309,3,123412
2018-02-27,2018,3309,3,123412
2018-02-26,2018,3562,3,123412
2018-02-25,2018,3548,3,123412
2018-02-23,2018,3486,3,123412
2018-02-22,2018,3547,3,123412
2018-02-21,2018,3547,3,123412
2018-02-21,2018,3486,3,123412
2018-02-19,2018,3486,3,123412
2018-02-18,2018,3554,3,123412
2018-02-18,2018,3486,3,123412
2018-02-14,2018,3542,3,123412
2018-02-07,2018,3500,3,123412
2018-02-06,2018,3514,3,123412
2018-02-06,2018,3495,3,121234
2018-02-06,2018,3500,3,123412
2018-02-06,2018,3495,3,121234
2018-02-05,2018,3495,3,121234
2018-02-02,2018,3512,3,123412
2018-01-30,2018,3511,3,123412
2018-01-26,2018,3247,3,123421
2018-01-25,2018,3500,3,123412
2018-01-20,2018,3438,3,123412
2018-01-20,2018,3438,3,123412
2018-01-19,2018,3438,3,123412
2018-01-13,2018,3176,3,123412
2018-01-13,2018,3176,3,123412
2017-12-30,2017,3475,3,123412
2017-12-25,2017,3472,3,123412
2017-12-24,2017,3412,3,123412
2017-12-20,2017,3449,3,123412
2017-12-20,2017,3383,3,123412
2017-12-20,2017,3457,3,123412
2017-12-20,2017,3418,3,123412
2017-12-19,2017,3421,3,123412
2017-12-19,2017,3421,3,123412
2017-12-18,2017,3449,3,123412
2017-12-18,2017,3421,3,123412
2017-12-17,2017,2876,3,123412
2017-12-17,2017,3382,3,123412
2017-12-17,2017,3421,3,123412
2017-12-16,2017,3432,3,123412
2017-12-14,2017,3421,3,123412
2017-12-14,2017,3290,3,123412
2017-12-13,2017,3421,3,123412
2017-12-13,2017,3290,3,123412
2017-12-13,2017,3419,3,123412
2017-12-12,2017,3289,3,123412
2017-12-12,2017,3289,3,123412
2017-12-10,2017,3405,3,123412
2017-12-08,2017,3283,3,123412
2017-12-06,2017,3381,3,121234
2017-12-06,2017,3400,3,123412
2017-12-06,2017,3228,3,123412
2017-12-05,2017,3318,3,123412
2017-12-05,2017,3382,3,123412
2017-12-04,2017,3402,3,123412
2017-12-04,2017,3318,3,123412
2017-12-03,2017,3382,3,123412
2017-12-03,2017,3395,3,123412
2017-12-03,2017,3395,3,123412
2017-12-02,2017,2574,3,123412
2017-11-30,2017,3377,3,123412
2017-11-30,2017,3370,3,123412
2017-11-29,2017,3320,3,123412
2017-11-25,2017,3295,3,121234
2017-11-22,2017,3290,3,123412
2017-11-21,2017,3049,3,123412
2017-11-21,2017,3363,3,123412
2017-11-20,2017,3364,3,123412
2017-11-20,2017,3320,3,123412
2017-11-19,2017,3290,3,123412
2017-11-18,2017,2956,3,123412
2017-11-17,2017,3166,3,123412
2017-11-16,2017,3345,3,123412
2017-11-15,2017,3048,3,123412
2017-11-12,2017,3272,3,123412
2017-11-11,2017,3311,3,123412
2017-11-09,2017,3325,3,123412
2017-11-05,2017,3252,3,123421
2017-11-04,2017,2895,3,123412
2017-11-04,2017,3190,3,123412
2017-11-04,2017,3251,3,123421
2017-11-03,2017,3232,3,123412
2017-11-03,2017,3252,3,123421
2017-11-03,2017,3190,3,123412
2017-11-01,2017,3208,3,123412
2017-10-29,2017,3249,3,123421
2017-10-29,2017,3249,3,123421
2017-10-28,2017,3249,3,123421
2017-10-26,2017,3249,3,123412
2017-10-26,2017,3301,3,123412
2017-10-24,2017,3305,3,123412
2017-10-23,2017,3153,3,123412
2017-10-23,2017,3153,3,123412
2017-10-22,2017,3304,3,123412
2017-10-22,2017,2921,3,123421
2017-10-22,2017,2573,3,123412
2017-10-21,2017,3297,3,123412
2017-10-17,2017,3196,3,121234
2017-10-16,2017,3122,3,123412
2017-10-15,2017,3212,3,123412
2017-10-14,2017,3212,3,123412
2017-10-14,2017,3254,3,123421
2017-10-12,2017,3219,3,123412
2017-10-11,2017,3134,3,123412
2017-10-11,2017,3157,3,123412
2017-10-10,2017,3157,3,123412
2017-10-10,2017,3212,3,123412
2017-10-10,2017,3265,3,123412
2017-10-10,2017,3208,3,123412
2017-10-09,2017,3219,3,123412
2017-10-09,2017,3122,3,123412
2017-10-08,2017,3269,3,123412
2017-10-05,2017,3122,3,123412
2017-10-05,2017,3236,3,123412
2017-10-04,2017,3122,3,123412
2017-10-04,2017,3195,3,123412
2017-10-04,2017,3196,3,121234
2017-10-04,2017,3122,3,123412
2017-10-03,2017,3219,3,123412
2017-10-03,2017,3157,3,123412
2017-10-03,2017,3234,3,123412
2017-10-02,2017,3137,3,123412
2017-10-02,2017,3150,3,123412
2017-10-02,2017,3151,3,123412
2017-09-27,2017,3152,3,123412
2017-09-25,2017,3122,3,123412
2017-09-24,2017,2942,3,123412
2017-09-24,2017,3121,3,123412
2017-09-24,2017,3046,3,123412
2017-09-24,2017,3200,3,123412
2017-09-23,2017,2942,3,123412
2017-09-23,2017,3016,3,123412
2017-09-23,2017,3209,3,123412
2017-09-22,2017,3211,3,123412
2017-09-22,2017,3121,3,123412
2017-09-21,2017,3121,3,123412
2017-09-21,2017,3150,3,123412
2017-09-21,2017,3195,3,123412
2017-09-20,2017,3056,2,121234
2017-09-16,2017,3184,3,121234
2017-09-16,2017,2636,3,123412
2017-09-16,2017,3188,3,123412
2017-09-14,2017,3151,3,123412
2017-09-14,2017,3055,2,121234
2017-09-10,2017,3164,3,321214
2017-09-10,2017,3147,3,123412
2017-09-10,2017,3168,3,123412
2017-09-10,2017,3164,3,121234
2017-09-09,2017,2572,3,123412
2017-09-06,2017,3159,3,123412
2017-09-05,2017,3158,3,123412
2017-09-05,2017,3121,3,123412
2017-09-03,2017,2684,3,123412
2017-09-02,2017,3155,3,123412
2017-08-31,2017,3105,3,123412
2017-08-30,2017,3119,3,123412
2017-08-29,2017,3105,3,123412
2017-08-28,2017,3018,3,121234
2017-08-27,2017,3076,3,123412
2017-08-27,2017,3098,3,123412
2017-08-26,2017,3123,3,123412
2017-08-26,2017,3076,3,123412
2017-08-25,2017,3119,3,123412
2017-08-24,2017,3052,3,123412
2017-08-21,2017,3088,3,123412
2017-08-20,2017,2968,3,123412
2017-08-20,2017,3051,3,123412
2017-08-20,2017,3068,3,123412
2017-08-20,2017,3041,3,123412
2017-08-19,2017,2979,2,121234
2017-08-19,2017,3068,3,123412
2017-08-19,2017,3000,3,122143
2017-08-19,2017,3080,3,123412
2017-08-19,2017,2979,2,121234
2017-08-19,2017,2968,3,123412
2017-08-18,2017,3019,3,123412
2017-08-17,2017,2880,3,123412
2017-08-17,2017,3086,3,123412
2017-08-17,2017,3094,3,123412
2017-08-17,2017,3091,3,123412
2017-08-16,2017,2879,3,123412
2017-08-15,2017,2897,3,123412
2017-08-12,2017,2979,2,121234
2017-08-09,2017,3038,3,123412
2017-08-06,2017,2971,3,123412
2017-08-05,2017,2971,3,123412
2017-08-05,2017,2971,3,123412
2017-08-05,2017,2981,3,123412
2017-08-05,2017,2979,2,121234
2017-08-02,2017,2932,3,123412
2017-08-01,2017,2932,3,123412
2017-07-31,2017,1040,3,123412
2017-07-27,2017,3008,3,123412
2017-07-26,2017,3005,3,123412
2017-07-23,2017,2855,3,123412
2017-07-22,2017,2979,2,121234
2017-07-16,2017,2936,3,123412
2017-07-15,2017,2570,3,123412
2017-07-15,2017,2916,3,123412
2017-07-15,2017,2570,3,123412
2017-07-14,2017,2570,3,123412
2017-07-14,2017,2977,3,123412
2017-07-11,2017,2977,1,121234
2017-07-11,2017,2900,3,123412
2017-07-11,2017,2977,1,121234
2017-07-11,2017,2902,3,123412
2017-07-11,2017,2902,3,123412
2017-07-09,2017,2977,1,121234
2017-07-09,2017,2977,1,121234
2017-07-08,2017,2975,3,123412
2017-07-08,2017,2635,3,123412
2017-07-08,2017,2896,3,123412
2017-07-07,2017,2635,3,123412
2017-07-07,2017,2977,1,121234
2017-07-07,2017,2977,1,121234
2017-07-07,2017,2635,3,123412
2017-07-02,2017,2954,3,123412
2017-07-02,2017,2893,3,123412
2017-07-02,2017,2951,3,123412
2017-06-27,2017,2854,3,123412
2017-06-25,2017,2947,3,123412
2017-06-24,2017,2903,3,123412
2017-06-18,2017,2907,3,123412
2017-06-18,2017,2908,3,123412
2017-06-18,2017,2884,3,123412
2017-06-18,2017,2569,3,123412
2017-06-17,2017,2884,3,123412
2017-06-17,2017,2892,3,123412
2017-06-16,2017,2916,3,123412
2017-06-15,2017,2906,3,123412
2017-06-14,2017,2906,3,123412
2017-06-11,2017,2722,3,123423
2017-06-11,2017,2722,3,123423
2017-06-11,2017,2722,3,123423
2017-06-10,2017,2722,3,123423
2017-06-08,2017,2860,3,121234
2017-06-08,2017,2860,3,121234
2017-06-05,2017,2835,3,123412
2017-06-01,2017,2557,3,123412
2017-05-31,2017,2872,3,123412
2017-05-30,2017,2883,3,123412
2017-05-29,2017,2835,3,123412
2017-05-28,2017,2882,3,123412
2017-05-28,2017,2872,3,123412
2017-05-28,2017,2835,3,123412
2017-05-27,2017,2843,3,121234
2017-05-26,2017,2882,3,123412
2017-05-25,2017,2877,3,123412
2017-05-25,2017,2874,3,123412
2017-05-24,2017,2877,3,123412
2017-05-23,2017,2843,3,121234
2017-05-23,2017,2854,3,123412
2017-05-22,2017,2854,3,123412
2017-05-21,2017,2792,3,123412
2017-05-21,2017,2863,3,123412
2017-05-20,2017,2802,3,123412
2017-05-20,2017,2795,3,123412
2017-05-19,2017,2833,3,123412
2017-05-18,2017,2830,1,121234
2017-05-18,2017,2830,1,121234
2017-05-18,2017,2815,3,123412
2017-05-18,2017,2849,3,123412
2017-05-17,2017,2854,3,123412
2017-05-16,2017,2849,3,123412
2017-05-16,2017,2833,3,123412
2017-05-16,2017,2849,3,123412
2017-05-16,2017,2843,3,121234
2017-05-13,2017,2830,1,121234
2017-05-13,2017,2850,3,123412
2017-05-13,2017,2830,1,121234
2017-05-12,2017,2835,2,121234
2017-05-12,2017,2835,2,121234
2017-05-12,2017,2843,3,121234
2017-05-11,2017,2852,3,122143
2017-05-11,2017,2852,3,122143
2017-05-10,2017,2820,3,123412
2017-05-10,2017,2843,3,121234
2017-05-08,2017,2568,3,123412
2017-05-08,2017,2568,3,123412
2017-05-06,2017,2705,3,123412
2017-05-03,2017,2831,3,123412
2017-04-25,2017,2812,3,123412
2017-04-23,2017,2641,3,123412
2017-04-22,2017,2641,3,123412
2017-04-21,2017,2641,3,123412
2017-04-17,2017,2672,3,123412
2017-04-12,2017,2672,3,123412
2017-04-11,2017,2672,3,123412
2017-04-10,2017,2673,3,123412
2017-04-09,2017,2673,3,123412
2017-04-08,2017,2673,3,123412
2017-04-08,2017,2683,3,123412
2017-04-04,2017,2732,3,123412
2017-04-04,2017,2748,3,123412
2017-04-03,2017,2731,3,123412
2017-04-03,2017,2746,3,123412
2017-04-03,2017,2746,3,123412
2017-04-02,2017,2755,3,123412
2017-04-02,2017,2746,3,123412
2017-03-31,2017,2731,3,123412
2017-03-26,2017,2731,3,123412
2017-03-26,2017,2736,3,123412
2017-03-26,2017,2738,3,123412
2017-03-24,2017,2730,3,123412
2017-03-23,2017,2730,3,123412
2017-03-21,2017,2733,3,123412
2017-03-19,2017,2160,3,123412
2017-03-19,2017,2160,3,123412
2017-03-18,2017,2688,3,123412
2017-03-17,2017,2703,2,121234
2017-03-17,2017,2719,3,123412
2017-03-16,2017,2688,3,123412
2017-03-16,2017,2687,3,123412
2017-03-15,2017,2710,3,123412
2017-03-12,2017,2702,2,121234
2017-03-11,2017,2688,3,123412
2017-03-10,2017,2645,3,123412
2017-03-09,2017,2702,2,121234
2017-03-09,2017,2708,3,123412
2017-03-08,2017,2712,3,123412
2017-03-07,2017,2687,3,123412
2017-03-06,2017,2710,3,123412
2017-03-02,2017,2660,3,123412
2017-03-02,2017,2702,2,121234
2017-03-01,2017,2660,3,123412
2017-03-01,2017,2688,3,123412
2017-03-01,2017,2702,2,121234
2017-03-01,2017,2687,3,123412
2017-02-28,2017,2254,2,121234
2017-02-27,2017,2687,3,123412
2017-02-26,2017,2693,3,123412
2017-02-24,2017,2694,3,123412
2017-02-24,2017,2687,3,123412
2017-02-23,2017,2694,3,123412
2017-02-21,2017,2687,3,123412
2017-02-19,2017,2690,3,123412
2017-02-19,2017,2692,3,123412
2017-02-14,2017,2685,3,123412
2017-02-13,2017,2685,3,123412
2017-02-11,2017,2685,3,123412
2017-02-10,2017,2659,3,123412
2017-02-09,2017,2682,3,123412
2017-02-09,2017,2659,3,123412
2017-02-08,2017,2682,3,123412
2017-02-06,2017,2670,3,123412
2017-02-05,2017,2657,of,123412
2017-02-04,2017,2655,3,123412
2017-02-04,2017,2655,3,123412
2017-02-04,2017,2655,3,123412
2017-02-04,2017,2657,3,123412
2017-01-28,2017,2471,3,123412
2017-01-22,2017,2656,3,123412
2017-01-18,2017,2643,3,123412
2017-01-18,2017,2644,3,123412
2017-01-16,2017,2648,3,123412
2017-01-14,2017,2627,3,123412
2017-01-14,2017,2564,3(LAN),123412
2017-01-14,2017,2566,3,123412
2017-01-12,2017,2647,3,123412
2016-12-27,2016,2631,3,123412
2016-12-13,2016,2617,3,121234
2016-12-11,2016,2612,3,123412
2016-12-11,2016,2612,3,123412
2016-12-10,2016,2599,3,121234
2016-12-04,2016,2555,3,123412
2016-12-04,2016,2592,3,123412
2016-12-03,2016,2589,3,123412
2016-12-01,2016,2407,3,123412
2016-11-26,2016,2588,3,123412
2016-11-26,2016,2601,3,121234
2016-11-25,2016,2110,3,123412
2016-11-25,2016,2588,3,123412
2016-11-25,2016,2588,3,123412
2016-11-23,2016,2546,1,121234
2016-11-23,2016,2546,1,121234
2016-11-21,2016,2261,3,123412
2016-11-20,2016,2559,3,121234
2016-11-20,2016,2577,3,123412
2016-11-20,2016,2546,1,121234
2016-11-20,2016,2546,1,121234
2016-11-20,2016,2577,3,123412
2016-11-19,2016,2576,3,123412
2016-11-17,2016,2577,3,123412
2016-11-17,2016,2577,3,123412
2016-11-12,2016,2453,3,121234
2016-11-11,2016,2286,3,123412
2016-11-10,2016,2423,3,123412
2016-11-08,2016,2546,1,121234
2016-11-08,2016,2546,1,121234
2016-11-06,2016,2431,3,123412
2016-11-06,2016,2504,3,123412
2016-11-05,2016,2504,3,123412
2016-11-05,2016,2431,3,123412
2016-11-03,2016,2431,3,123412
2016-10-29,2016,2501,3,123412
2016-10-28,2016,2497,3,123412
2016-10-26,2016,2539,3,123412
2016-10-17,2016,2410,1,121234
2016-10-17,2016,2410,1,121234
2016-10-16,2016,2524,3,123412
2016-10-16,2016,2388,3,123412
2016-10-16,2016,2388,3,123412
2016-10-16,2016,2524,3,123412
2016-10-13,2016,2507,3,123412
2016-10-10,2016,2388,2,121234
2016-10-09,2016,2482,3,123412
2016-10-09,2016,2390,3,121234
2016-10-03,2016,2468,3,123412
2016-10-02,2016,2354,3,123412
2016-10-01,2016,2475,3,123412
2016-10-01,2016,2457,3,123412
2016-09-22,2016,2397,3,123412
2016-09-22,2016,2449,3,121234
2016-09-22,2016,2420,2,121234
2016-09-21,2016,2448,3,121234
2016-09-20,2016,2436,3,123412
2016-09-19,2016,2445,3,121234
2016-09-19,2016,2380,3,123412
2016-09-17,2016,2112,3,123412
2016-09-17,2016,2112,3,123412
2016-09-15,2016,2437,3,121234
2016-09-14,2016,2406,3,123412
2016-09-13,2016,2158,3,121243
2016-09-13,2016,2395,3,123412
2016-09-11,2016,2389,3,123412
2016-09-09,2016,2325,3,121234
2016-09-08,2016,2402,3,123412
2016-09-07,2016,2158,3,121243
2016-09-06,2016,2397,3,123412
2016-09-05,2016,2395,3,123412
2016-09-05,2016,2397,3,123412
2016-09-04,2016,2412,3,123412
2016-09-04,2016,2351,3,123412
2016-09-04,2016,2412,3,123412
2016-09-04,2016,2412,3,123412
2016-09-04,2016,2391,3,123412
2016-09-03,2016,2346,3,121234
2016-09-01,2016,2158,3,121243
2016-08-31,2016,1690,3,123412
2016-08-30,2016,2380,3,123412
2016-08-29,2016,2269,3,123412
2016-08-29,2016,2380,3,123412
2016-08-27,2016,2356,3,121234
2016-08-27,2016,2356,3,121234
2016-08-27,2016,2387,3,123412
2016-08-24,2016,2348,3,121234
2016-08-24,2016,2269,3,123412
2016-08-20,2016,2364,3,121234
2016-08-18,2016,2349,3,123412
2016-08-15,2016,2370,3,123412
2016-08-15,2016,2377,3,121234
2016-08-11,2016,2335,3,121234
2016-08-10,2016,2364,3,121234
2016-08-10,2016,2364,3,121234
2016-08-09,2016,2335,3,121234
2016-07-30,2016,2335,3,121234
2016-07-26,2016,2301,3,123412
2016-07-24,2016,2301,3,123412
2016-04-14,2016,2099,3,123412
2019-05-10,2019,4548,3,123412
2019-05-09,2019,4549,3,123412
2019-05-02,2019,4236,3,123412
2019-04-25,2019,4463,1,121212
2019-04-22,2019,4338,3,123412
2019-04-20,2019,4338,3,123412
2019-04-14,2019,4484,3,123412
2019-04-13,2019,4462,3,123412
2019-04-13,2019,4317,3,123412
2019-04-13,2019,4327,1,122112
2019-04-13,2019,4317,3,123412
2019-04-10,2019,4496,3,123412
2019-04-07,2019,4477,3,123412
2019-04-05,2019,4240,3,123412
2019-04-02,2019,4380,3,123412
2019-04-02,2019,4497,3,123412
2019-04-01,2019,4514,3,123412
2019-04-01,2019,4240,3,123412
2019-03-30,2019,4240,3,123412
2019-03-26,2019,4494,3,123412
2019-03-24,2019,4442,2,121234
2019-03-23,2019,4469,3,123412
2019-03-23,2019,4362,3,123412
2019-03-23,2019,4471,3,123412
2019-03-23,2019,4326,1,122112
2019-03-22,2019,4469,3,123412
2019-03-21,2019,4466,1,121212
2019-03-20,2019,4435,3,123412
2019-03-17,2019,4452,3,123412
2019-03-17,2019,4314,3,123412
2019-03-15,2019,4395,3,123412
2019-03-14,2019,4314,3,123412
2019-03-14,2019,4423,3,123412
2019-03-13,2019,4456,3,123412
2019-03-11,2019,4412,3,123412
2019-03-08,2019,4424,3,123412
2019-03-08,2019,4424,3,123412
2019-03-07,2019,4424,3,123412
2019-03-07,2019,4424,3,123412
2019-03-07,2019,4409,1,121212
2019-03-07,2019,4409,1,121212
2019-03-07,2019,4423,3,123412
2019-03-06,2019,4424,3,123412
2019-03-06,2019,4423,3,123412
2019-03-06,2019,4423,3,123412
2019-03-06,2019,4423,3,123412
2019-03-06,2019,4423,3,123412
2019-03-05,2019,4423,3,123412
2019-03-05,2019,4423,3,123412
2019-03-04,2019,4409,1,121212
2019-03-04,2019,4388,3,123412
2019-02-27,2019,4388,3,123412
2019-02-26,2019,4243,3,123412
2019-02-26,2019,4441,1,121212
2019-02-26,2019,4409,1,121212
2019-02-25,2019,4388,3,123412
2019-02-25,2019,4243,3,123412
2019-02-25,2019,4409,1,121212
2019-02-21,2019,4409,1,121212
2019-02-21,2019,4243,2,121234
2019-02-19,2019,4409,1,121212
2019-02-18,2019,4409,1,121212
2019-02-17,2019,3884,3,123421
2019-02-16,2019,4379,1,121212
2019-02-16,2019,3884,3,123421
2019-02-14,2019,4373,1,121212
2019-02-14,2019,3884,3,123421
2019-02-13,2019,3884,1,112221
2019-02-12,2019,4426,1,121212
2019-02-12,2019,4388,3,123412
2019-02-08,2019,4353,3,123412
2019-02-07,2019,4353,3,123412
2019-02-06,2019,4353,3,123412
2019-02-06,2019,4353,3,123412
2019-02-06,2019,4405,3,123412
2019-02-06,2019,4356,3,123412
2019-02-05,2019,4395,3,123412
2019-02-05,2019,4388,3,123412
2019-02-05,2019,4388,3,123412
2019-02-04,2019,4355,3,123412
2019-02-04,2019,4388,3,123412
2019-02-02,2019,4349,3,123412
2019-01-30,2019,4349,1,121212
2019-01-25,2019,4207,3,123421
2019-01-22,2019,4207,3,123421
2019-01-13,2019,4273,3,123412
2019-01-09,2019,4344,3,123412
2019-01-09,2019,4227,3,123412
2019-01-08,2019,4227,3,123412
2018-12-22,2018,4340,1,121212
2018-12-18,2018,4273,3,123412
2018-12-18,2018,4273,3,123412
2018-12-17,2018,4292,3,123412
2018-12-17,2018,4243,2,121234
2018-12-17,2018,4273,3,123412
2018-12-16,2018,4291,3,123412
2018-12-16,2018,4292,3,123412
2018-12-15,2018,4318,3,123412
2018-12-15,2018,4319,3,123412
2018-12-14,2018,4235,3,123412
2018-12-14,2018,4160,3,123412
2018-12-14,2018,4235,1,112221
2018-12-14,2018,4135,3,123412
2018-12-14,2018,4298,3,123412
2018-12-14,2018,4205,1,122112
2018-12-14,2018,4135,3,123412
2018-12-13,2018,4125,3,123412
2018-12-13,2018,4235,1,112221
2018-12-13,2018,4135,3,123412
2018-12-12,2018,4125,3,123412
2018-12-12,2018,4135,3,123412
2018-12-12,2018,4316,3,123412
2018-12-12,2018,4265,3,123412
2018-12-11,2018,4292,3,123412
2018-12-11,2018,4265,3,123412
2018-12-10,2018,4232,3,123412
2018-12-09,2018,4221,3,123412
2018-12-09,2018,4273,3,123412
2018-12-07,2018,4295,3,123412
2018-12-07,2018,4257,1,121212
2018-12-06,2018,4261,3,123412
2018-12-06,2018,3376,3,123412
2018-12-06,2018,4224,3,123412
2018-12-06,2018,4224,3,123412
2018-12-05,2018,4183,3,123412
2018-12-05,2018,4224,3,123412
2018-12-05,2018,4265,3,123412
2018-12-05,2018,4258,3,123412
2018-12-03,2018,4265,3,123412
2018-11-30,2018,3386,3,123412
2018-11-30,2018,4228,3,123412
2018-11-26,2018,4276,3,121234
2018-11-25,2018,4124,3,123412
2018-11-24,2018,4083,3,123412
2018-11-24,2018,4009,3,123412
2018-11-24,2018,4262,3,123412
2018-11-23,2018,4083,3,123412
2018-11-23,2018,4265,3,123412
2018-11-22,2018,4234,3,123412
2018-11-22,2018,4251,3,312214
2018-11-21,2018,4183,3,123412
2018-11-20,2018,4251,3,122143
2018-11-19,2018,3429,3,123412
2018-11-18,2018,4141,3,123412
2018-11-18,2018,4130,3,123412
2018-11-17,2018,4138,3,123412
2018-11-17,2018,4130,3,123412
2018-11-17,2018,4247,3,123412
2018-11-17,2018,4241,3,123412
2018-11-17,2018,4130,3,123412
2018-11-16,2018,3965,3,123412
2018-11-16,2018,3429,1,121212
2018-11-16,2018,3429,1,121212
2018-11-16,2018,3977,3,123412
2018-11-16,2018,4198,3,123412
2018-11-15,2018,4144,3,123412
2018-11-15,2018,4147,3,123412
2018-11-15,2018,4150,3,123412
2018-11-15,2018,4147,3,123412
2018-11-15,2018,3964,3,123412
2018-11-14,2018,4239,3,123412
2018-11-14,2018,3964,3,123412
2018-11-11,2018,4231,3,123412
2018-11-11,2018,3954,3,123412
2018-11-11,2018,4223,3,123412
2018-11-10,2018,4055,3,123421
2018-11-10,2018,4223,3,123412
2018-11-09,2018,4183,1,121212
2018-11-08,2018,3954,3,123412
2018-11-07,2018,4172,3,123412
2018-11-07,2018,3954,3,123412
2018-11-07,2018,4128,3,123412
2018-11-06,2018,3954,1,122112
2018-11-06,2018,3954,1,122112
2018-11-06,2018,3954,1,122112
2018-11-05,2018,3966,3,123412
2018-11-05,2018,4172,1,121212
2018-11-05,2018,4183,1,121212
2018-11-04,2018,4137,3,123412
2018-11-03,2018,4162,3,123412
2018-11-03,2018,4037,1,121212
2018-11-03,2018,4216,3,123412
2018-11-03,2018,3701,1,122112
2018-11-02,2018,4162,3,123412
2018-11-02,2018,4214,3,123421
2018-11-01,2018,4052,3,123421
2018-11-01,2018,4183,1,121212
2018-10-28,2018,4183,1,121212
2018-10-27,2018,3985,3,123412
2018-10-26,2018,4154,3,123412
2018-10-26,2018,4154,3,123412
2018-10-25,2018,3985,3,123412
2018-10-23,2018,4102,3,123412
2018-10-23,2018,4041,3,123412
2018-10-22,2018,4102,3,123412
2018-10-21,2018,3879,3,123421
2018-10-21,2018,4170,3,123412
2018-10-21,2018,4045,3,123412
2018-10-20,2018,3879,3,123421
2018-10-20,2018,3879,3,123421
2018-10-18,2018,4052,3,123421
2018-10-17,2018,4100,3,123412
2018-10-16,2018,4041,3,123412
2018-10-14,2018,4043,3,123412
2018-10-10,2018,3891,1,121212
2018-10-10,2018,3891,1,121212
2018-10-09,2018,3482,1,121212
2018-10-09,2018,3891,1,121212
2018-10-08,2018,4042,3,123412
2018-10-07,2018,3891,1,121212
2018-10-07,2018,3540,3,123412
2018-10-06,2018,4103,3,123412
2018-10-05,2018,3977,1,121212
2018-10-03,2018,3540,3,123412
2018-10-02,2018,4074,3,123412
2018-10-01,2018,4048,3,123412
2018-10-01,2018,4073,3,123412
2018-09-30,2018,4046,3,123412
2018-09-30,2018,4095,3,123412
2018-09-29,2018,3647,1,122112
2018-09-29,2018,3647,1,122112
2018-09-29,2018,3927,1,122112
2018-09-27,2018,4035,1,121212
2018-09-26,2018,3703,3,123412
2018-09-25,2018,4035,1,121212
2018-09-23,2018,4023,3,123421
2018-09-21,2018,3564,3,123421
2018-09-21,2018,4052,3,123421
2018-09-20,2018,3564,3,123421
2018-09-18,2018,3482,1,121212
2018-09-16,2018,3895,3,123421
2018-09-16,2018,3564,3,123421
2018-09-16,2018,3895,3,123421
2018-09-13,2018,4018,1,121212
2018-09-13,2018,3564,1,112221
2018-09-13,2018,3946,3,123412
2018-09-11,2018,3482,1,121212
2018-09-10,2018,3482,1,121212
2018-09-09,2018,3905,3,123412
2018-09-08,2018,3905,3,123412
2018-09-08,2018,3473,3,123412
2018-09-07,2018,3885,1,112221
2018-09-04,2018,3898,3,123412
2018-09-02,2018,3897,3,123412
2018-08-31,2018,3955,3,123412
2018-08-31,2018,3897,3,123412
2018-08-31,2018,3897,3,123412
2018-08-31,2018,3389,3,123412
2018-08-30,2018,3897,3,123412
2018-08-30,2018,3897,3,123412
2018-08-30,2018,4012,3,123412
2018-08-30,2018,3824,3,123412
2018-08-30,2018,3389,3,123412
2018-08-29,2018,3897,3,123412
2018-08-28,2018,3482,1,121212
2018-08-27,2018,3482,1,121212
2018-08-27,2018,3975,3,123412
2018-08-27,2018,3961,3,123412
2018-08-26,2018,4004,3,123412
2018-08-26,2018,3974,3,123412
2018-08-25,2018,3953,3,123412
2018-08-25,2018,3953,3,123412
2018-08-24,2018,3972,3,123412
2018-08-24,2018,3974,3,123412
2018-08-23,2018,3972,3,123412
2018-08-23,2018,3940,3,123412
2018-08-22,2018,3973,3,123412
2018-08-22,2018,3995,3,123412
2018-08-21,2018,3971,3,123412
2018-08-19,2018,3970,3,123412
2018-08-19,2018,3955,3,123412
2018-08-18,2018,3771,1,121212
2018-08-17,2018,3937,3,123412
2018-08-16,2018,3909,3,123412
2018-08-16,2018,3937,3,123412
2018-08-16,2018,3914,3,123412
2018-08-15,2018,3941,3,123412
2018-08-14,2018,3753,3,123412
2018-08-14,2018,3941,3,123412
2018-08-13,2018,3941,3,123412
2018-08-12,2018,3941,3,123412
2018-08-11,2018,3700,3,124312
2018-08-11,2018,3943,3,123412
2018-08-11,2018,3928,3,123412
2018-08-11,2018,3926,3,123412
2018-08-10,2018,3909,3,123412
2018-08-09,2018,3928,3,123412
2018-08-09,2018,3939,1,121212
2018-08-08,2018,3909,3,123412
2018-08-05,2018,3753,3,123412
2018-08-05,2018,3941,1,121212
2018-08-04,2018,3833,3,123412
2018-08-03,2018,3833,3,123412
2018-08-03,2018,3786,1,121212
2018-08-03,2018,3940,3,123412
2018-08-02,2018,3833,3,123412
2018-08-02,2018,3833,3,123412
2018-08-02,2018,3941,1,121212
2018-08-01,2018,3833,1,122112
2018-08-01,2018,3833,1,122112
2018-08-01,2018,3876,3,123412
2018-07-31,2018,3893,3,123412
2018-07-29,2018,3892,3,123412
2018-07-29,2018,3929,3,123412
2018-07-29,2018,3842,3,123412
2018-07-28,2018,3842,3,123412
2018-07-28,2018,3911,3,123412
2018-07-27,2018,3893,3,123412
2018-07-25,2018,3688,3,123412
2018-07-25,2018,3928,1,123412
2018-07-25,2018,3688,3,123412
2018-07-24,2018,3890,1,121212
2018-07-23,2018,3893,3,123412
2018-07-19,2018,3760,3,123412
2018-07-19,2018,3761,3,123412
2018-07-18,2018,3760,3,123412
2018-07-17,2018,3814,1,121212
2018-07-15,2018,3739,3,123412
2018-07-14,2018,3880,3,123421
2018-07-14,2018,3428,3,123412
2018-07-08,2018,3758,1,121212
2018-07-03,2018,3392,1,122112
2018-07-02,2018,3480,1,121212
2018-07-02,2018,3824,3,123412
2018-07-02,2018,3751,3,123412
2018-07-01,2018,3480,1,121212
2018-07-01,2018,3845,3,123412
2018-07-01,2018,3874,3,123412
2018-07-01,2018,3606,3,123412
2018-07-01,2018,3606,3,123412
2018-06-30,2018,3732,3,123412
2018-06-29,2018,3870,3,123412
2018-06-28,2018,3865,3,123412
2018-06-28,2018,3868,3,123412
2018-06-27,2018,3831,3,123412
2018-06-27,2018,3865,3,123412
2018-06-26,2018,3831,3,123412
2018-06-26,2018,3836,3,123412
2018-06-25,2018,3836,3,123412
2018-06-25,2018,3836,3,123412
2018-06-24,2018,3863,3,121234
2018-06-23,2018,3859,3,123412
2018-06-22,2018,3820,3,123412
2018-06-22,2018,3844,3,123412
2018-06-21,2018,3844,3,123412
2018-06-20,2018,3820,1,121212
2018-06-18,2018,3714,3,123412
2018-06-17,2018,3714,3,123412
2018-06-17,2018,3847,3,123412
2018-06-15,2018,3714,3,123412
2018-06-15,2018,3714,3,123412
2018-06-15,2018,3739,3,123412
2018-06-14,2018,3649,3,123412
2018-06-13,2018,3837,1,121212
2018-06-13,2018,3649,3,123412
2018-06-09,2018,3460,3,123412
2018-06-09,2018,3460,3,123412
2018-06-09,2018,3838,3,123412
2018-06-08,2018,3460,1,121212
2018-06-08,2018,3460,1,121212
2018-06-07,2018,3751,1,121212
2018-06-07,2018,3821,3,123412
2018-06-05,2018,3801,3,123412
2018-06-05,2018,3770,1,121212
2018-06-02,2018,3426,3,123412
2018-06-01,2018,3426,1,121212
2018-05-31,2018,3720,1,121212
2018-05-31,2018,3666,3,123412
2018-05-31,2018,3720,3,123412
2018-05-31,2018,3666,3,123412
2018-05-31,2018,3751,1,121212
2018-05-31,2018,3720,3,123412
2018-05-30,2018,3720,1,121212
2018-05-29,2018,3801,1,121212
2018-05-29,2018,3666,3,123412
2018-05-29,2018,3755,3,123412
2018-05-28,2018,3585,3,123412
2018-05-27,2018,3768,3,123412
2018-05-27,2018,3750,3,123412
2018-05-26,2018,3706,3,123412
2018-05-25,2018,3706,3,123412
2018-05-24,2018,3794,1,121212
2018-05-23,2018,3711,3,123412
2018-05-22,2018,3794,1,121212
2018-05-19,2018,3641,3,123412
2018-05-18,2018,3641,1,121212
2018-05-18,2018,3373,3,123412
2018-05-17,2018,3751,1,121212
2018-05-16,2018,3754,1,121212
2018-05-16,2018,3757,3,123412
2018-05-15,2018,3373,1,122112
2018-05-15,2018,3768,3,123412
2018-05-15,2018,3754,1,121212
2018-05-15,2018,3754,1,121212
2018-05-15,2018,3754,1,121212
2018-05-15,2018,3373,1,122112
2018-05-14,2018,3712,3,123412
2018-05-14,2018,3768,3,123412
2018-05-14,2018,3712,3,123412
2018-05-14,2018,3733,3,123412
2018-05-14,2018,3733,3,123412
2018-05-13,2018,3656,3,123412
2018-05-13,2018,3768,3,123422
2018-05-11,2018,3656,1,122112
2018-05-11,2018,3656,1,122112
2018-05-10,2018,3677,3,123412
2018-05-10,2018,3751,1,121212
2018-05-10,2018,3712,3,123412
2018-05-10,2018,3751,1,121212
2018-05-10,2018,3676,3,123412
2018-05-09,2018,3739,1,121212
2018-05-07,2018,3733,3,123412
2018-05-07,2018,3694,3,123412
2018-05-07,2018,3751,1,121212
2018-05-07,2018,3733,3,123412
2018-05-07,2018,3694,3,123412
2018-05-06,2018,3746,3,123412
2018-05-06,2018,3746,3,123412
2018-05-05,2018,3696,3,123412
2018-05-05,2018,3530,3,123412
2018-05-04,2018,3707,3,121212
2018-05-04,2018,3672,3,123412
2018-05-03,2018,3696,3,123412
2018-05-03,2018,3570,3,123412
2018-05-01,2018,3694,3,123412
2018-04-30,2018,3299,3,123412
2018-04-29,2018,3731,3,123412
2018-04-29,2018,3731,3,123412
2018-04-29,2018,3626,3,123412
2018-04-29,2018,3726,3,123412
2018-04-28,2018,3694,1,121212
2018-04-26,2018,3577,3,123412
2018-04-26,2018,3723,3,123412
2018-04-26,2018,3676,1,121212
2018-04-26,2018,3643,3,123412
2018-04-26,2018,3676,1,121212
2018-04-25,2018,3577,3,123412
2018-04-25,2018,3570,3,123412
2018-04-23,2018,3569,3,123412
2018-04-23,2018,3694,1,121212
2018-04-23,2018,3599,3,123412
2018-04-22,2018,3696,3,123412
2018-04-22,2018,3626,1,121234
2018-04-22,2018,3626,1,121234
2018-04-21,2018,3697,3,123412
2018-04-21,2018,3717,3,122143
2018-04-21,2018,3718,1,121212
2018-04-20,2018,3611,1,121212
2018-04-20,2018,3689,3,123412
2018-04-20,2018,3611,3,123412
2018-04-20,2018,3696,3,123412
2018-04-19,2018,3674,3,123412
2018-04-19,2018,3676,1,121212
2018-04-19,2018,3491,3,123412
2018-04-18,2018,3491,1,121212
2018-04-18,2018,3491,1,121212
2018-04-17,2018,3590,3,123412
2018-04-16,2018,3673,3,123412
2018-04-16,2018,3590,3,123412
2018-04-16,2018,3590,3,123412
2018-04-16,2018,3678,3,123412
2018-04-15,2018,3672,3,123412
2018-04-15,2018,3685,3,123412
2018-04-15,2018,3685,3,123412
2018-04-15,2018,3626,1,121234
2018-04-15,2018,3626,1,121234
2018-04-15,2018,3685,3,123412
2018-04-14,2018,3670,3,123412
2018-04-13,2018,3590,3,123412
2018-04-13,2018,3632,3,123421
2018-04-13,2018,3672,3,123412
2018-04-11,2018,3589,3,123412
2018-04-10,2018,3574,3,123412
2018-04-08,2018,3613,3,123412
2018-04-08,2018,3663,3,123412
2018-04-08,2018,3663,3,123412
2018-04-08,2018,3663,3,123412
2018-04-07,2018,3479,1,121212
2018-04-07,2018,3479,1,121212
2018-04-07,2018,3626,1,121234
2018-04-07,2018,3626,1,121234
2018-04-06,2018,3648,3,123412
2018-04-06,2018,3574,3,123412
2018-04-06,2018,3632,3,123421
2018-04-06,2018,3648,3,123412
2018-04-06,2018,3570,3,123412
2018-04-05,2018,3585,3,123412
2018-04-05,2018,3648,3,123412
2018-04-05,2018,3574,3,123412
2018-04-04,2018,3589,3,123412
2018-04-04,2018,3580,3,123412
2018-04-04,2018,3580,3,123412
2018-04-04,2018,3469,3,123412
2018-04-03,2018,3550,3,123412
2018-04-03,2018,3599,1,121212
2018-04-02,2018,3502,3,123412
2018-04-02,2018,3631,3,123412
2018-04-02,2018,3546,3,123412
2018-04-01,2018,3608,3,123412
2018-04-01,2018,3623,3,123412
2018-04-01,2018,3631,3,123421
2018-04-01,2018,3608,3,123412
2018-03-30,2018,3470,3,123412
2018-03-29,2018,3574,3,123412
2018-03-29,2018,3612,3,123412
2018-03-29,2018,3636,3,123412
2018-03-28,2018,3642,1,121212
2018-03-28,2018,3470,3,123412
2018-03-28,2018,3633,3,123412
2018-03-27,2018,3478,1,121212
2018-03-27,2018,3623,3,123412
2018-03-26,2018,3478,1,121212
2018-03-26,2018,3623,3,123412
2018-03-25,2018,3625,3,123412
2018-03-25,2018,3485,3,123412
2018-03-25,2018,3485,3,123412
2018-03-25,2018,3638,1,121212
2018-03-25,2018,3598,3,123412
2018-03-24,2018,3638,1,121212
2018-03-24,2018,3494,1,111224
2018-03-24,2018,3485,3,123412
2018-03-24,2018,3623,3,123412
2018-03-23,2018,3625,3,123412
2018-03-23,2018,3470,1,121212
2018-03-23,2018,3494,1,111224
2018-03-22,2018,3471,1,121212
2018-03-22,2018,3471,1,121212
2018-03-22,2018,3625,1,121212
2018-03-22,2018,3469,1,121212
2018-03-20,2018,3478,1,121212
2018-03-20,2018,3623,3,123412
2018-03-20,2018,3469,1,121212
2018-03-19,2018,3469,1,121212
2018-03-18,2018,3618,3,123421
2018-03-17,2018,3112,3,123412
2018-03-16,2018,3624,3,123412
2018-03-15,2018,3541,1,112221
2018-03-15,2018,3112,2,121234
2018-03-15,2018,3469,1,121212
2018-03-14,2018,3112,1,121212
2018-03-14,2018,3112,1,121212
2018-03-14,2018,3470,1,121212
2018-03-14,2018,3550,3,123412
2018-03-14,2018,3469,1,121212
2018-03-13,2018,3112,1,121212
2018-03-13,2018,3112,1,121212
2018-03-13,2018,3112,1,121212
2018-03-13,2018,3112,1,121212
2018-03-13,2018,3607,2,121234
2018-03-13,2018,3585,3,123412
2018-03-12,2018,3478,1,121212
2018-03-12,2018,3478,1,121212
2018-03-12,2018,3585,3,123412
2018-03-11,2018,3585,3,123412
2018-03-11,2018,3469,1,121212
2018-03-11,2018,3546,1,121212
2018-03-10,2018,3585,3,123412
2018-03-09,2018,3546,1,121212
2018-03-09,2018,3578,3,123412
2018-03-08,2018,3471,1,121212
2018-03-08,2018,3546,1,121212
2018-03-08,2018,3469,1,121212
2018-03-08,2018,3470,1,121212
2018-03-08,2018,3469,1,121212
2018-03-08,2018,3546,1,121212
2018-03-08,2018,3469,1,121212
2018-03-07,2018,3470,1,121212
2018-03-07,2018,3546,1,121212
2018-03-07,2018,3469,1,121212
2018-03-07,2018,3546,1,121212
2018-03-06,2018,3583,1,121212
2018-03-05,2018,3469,1,121212
2018-03-05,2018,3478,1,121212
2018-03-05,2018,3540,1,121212
2018-03-04,2018,3533,3,123412
2018-03-04,2018,3585,3,123412
2018-03-03,2018,3533,3,123412
2018-03-03,2018,3546,1,121212
2018-03-03,2018,3546,1,121212
2018-03-02,2018,3470,1,121212
2018-03-02,2018,3470,1,121212
2018-03-02,2018,3469,1,121212
2018-03-01,2018,3541,1,112221
2018-03-01,2018,3469,1,121212
2018-02-28,2018,3471,1,121212
2018-02-28,2018,3543,3,123412
2018-02-27,2018,3478,1,121212
2018-02-27,2018,3309,1,122112
2018-02-27,2018,3309,3,123412
2018-02-26,2018,3469,1,121212
2018-02-25,2018,3562,3,123412
2018-02-25,2018,3550,3,123412
2018-02-24,2018,3548,3,123412
2018-02-22,2018,3469,1,121212
2018-02-22,2018,3469,1,121212
2018-02-22,2018,3552,2,121214
2018-02-21,2018,3470,1,121212
2018-02-21,2018,3469,1,121212
2018-02-21,2018,3469,1,121212
2018-02-20,2018,3486,3,123412
2018-02-20,2018,3470,1,121212
2018-02-19,2018,3478,1,121212
2018-02-17,2018,3486,3,123412
2018-02-17,2018,3486,3,123412
2018-02-17,2018,3554,3,123412
2018-02-16,2018,3470,1,121212
2018-02-16,2018,3546,1,121212
2018-02-15,2018,3470,1,121212
2018-02-15,2018,3470,1,121212
2018-02-15,2018,3546,1,121212
2018-02-15,2018,3546,1,121212
2018-02-15,2018,3540,1,121212
2018-02-15,2018,3469,1,121212
2018-02-14,2018,3540,1,121212
2018-02-13,2018,3471,1,121212
2018-02-12,2018,3471,1,121212
2018-02-12,2018,3540,1,121212
2018-02-10,2018,3454,3,123412
2018-02-09,2018,3470,1,121212
2018-02-08,2018,3546,1,121212
2018-02-08,2018,3469,1,121212
2018-02-07,2018,3543,3,123412
2018-02-07,2018,3542,3,123412
2018-02-06,2018,3471,1,121212
2018-02-06,2018,3540,1,121212
2018-02-06,2018,3495,3,121234
2018-02-05,2018,3470,1,121212
2018-02-05,2018,3470,1,121212
2018-02-05,2018,3540,1,121212
2018-02-05,2018,3495,3,121234
2018-02-05,2018,3495,3,121234
2018-02-04,2018,3444,3,123412
2018-02-04,2018,3469,1,121212
2018-02-03,2018,3444,3,123412
2018-02-02,2018,3470,1,121212
2018-02-02,2018,3512,3,123412
2018-02-02,2018,3116,1,121212
2018-02-02,2018,3500,3,123412
2018-01-31,2018,3471,1,121212
2018-01-30,2018,3471,1,121212
2018-01-30,2018,3511,3,123412
2018-01-29,2018,3471,1,121212
2018-01-27,2018,3507,1,121212
2018-01-27,2018,3440,3,123412
2018-01-26,2018,3501,1,121212
2018-01-25,2018,3469,1,121212
2018-01-21,2018,3247,1,112221
2018-01-21,2018,3247,1,112221
2018-01-20,2018,3435,3,123412
2018-01-19,2018,3247,1,112221
2018-01-19,2018,3247,1,112221
2018-01-19,2018,3247,1,112221
2018-01-19,2018,3247,1,112221
2018-01-17,2018,3437,3,123412
2018-01-16,2018,3500,3,123412
2018-01-15,2018,3248,1,112221
2018-01-13,2018,3176,3,123412
2018-01-13,2018,3248,1,112221
2018-01-13,2018,3176,3,123412
2018-01-13,2018,3248,1,112221
2018-01-12,2018,3176,1,121212
2018-01-10,2018,3356,3,121234
2018-01-08,2018,3404,1,121212
2018-01-08,2018,3360,3,123412
2018-01-07,2018,3404,3,123412
2018-01-06,2018,3314,3,123412
2018-01-05,2018,3314,1,121212
2018-01-04,2018,3468,1,121212
2017-12-29,2017,3290,3,123412
2017-12-26,2017,3421,3,123412
2017-12-23,2017,3383,3,123412
2017-12-23,2017,3383,3,121212
2017-12-22,2017,3449,3,123412
2017-12-22,2017,3421,3,123412
2017-12-21,2017,3457,1,121212
2017-12-21,2017,3458,3,123412
2017-12-21,2017,3421,3,123412
2017-12-20,2017,3465,3,123412
2017-12-20,2017,3421,3,123412
2017-12-19,2017,3418,3,123412
2017-12-19,2017,3382,3,123412
2017-12-18,2017,3383,1,121212
2017-12-18,2017,3458,1,121212
2017-12-17,2017,3393,1,121212
2017-12-17,2017,2876,3,123412
2017-12-17,2017,3393,3,123412
2017-12-16,2017,2876,3,123412
2017-12-16,2017,3313,3,123412
2017-12-15,2017,3342,3,123412
2017-12-14,2017,3431,1,121212
2017-12-14,2017,3418,1,121212
2017-12-14,2017,3421,3,123412
2017-12-14,2017,3317,3,123412
2017-12-14,2017,3333,3,123412
2017-12-13,2017,3290,3,123412
2017-12-13,2017,3421,3,123412
2017-12-12,2017,3419,1,121212
2017-12-12,2017,3382,3,123412
2017-12-11,2017,3354,3,123412
2017-12-11,2017,3317,3,123412
2017-12-10,2017,3400,3,123412
2017-12-09,2017,3283,3,123412
2017-12-09,2017,3413,3,123412
2017-12-09,2017,3072,3,123412
2017-12-08,2017,3072,3,123412
2017-12-08,2017,3283,3,123412
2017-12-07,2017,3383,1,121212
2017-12-07,2017,3380,3,121234
2017-12-06,2017,3072,1,122112
2017-12-06,2017,3072,1,122112
2017-12-06,2017,3072,1,122112
2017-12-05,2017,3072,1,122112
2017-12-05,2017,3382,3,123412
2017-12-05,2017,3390,3,123412
2017-12-04,2017,3401,3,123412
2017-12-03,2017,3395,3,123412
2017-12-02,2017,3395,1,121212
2017-12-01,2017,3371,3,123412
2017-12-01,2017,2574,1,121212
2017-11-29,2017,3382,1,121212
2017-11-29,2017,3384,1,121212
2017-11-29,2017,3371,3,123412
2017-11-28,2017,3385,1,121212
2017-11-28,2017,3387,3,123412
2017-11-28,2017,3333,1,121212
2017-11-26,2017,3224,3,123412
2017-11-25,2017,3224,1,121212
2017-11-25,2017,2998,3,123412
2017-11-25,2017,3114,3,123412
2017-11-25,2017,3295,3,121234
2017-11-25,2017,3224,1,121212
2017-11-24,2017,3114,1,121212
2017-11-24,2017,3114,1,121212
2017-11-24,2017,3114,1,121212
2017-11-24,2017,3114,1,121212
2017-11-23,2017,3114,1,121212
2017-11-22,2017,3292,3,123421
2017-11-20,2017,3290,3,123412
2017-11-19,2017,2956,3,123412
2017-11-19,2017,3369,3,123412
2017-11-17,2017,3048,3,123412
2017-11-17,2017,3354,1,121212
2017-11-16,2017,2956,1,122112
2017-11-15,2017,2956,1,122112
2017-11-15,2017,3333,1,121212
2017-11-14,2017,3343,3,123412
2017-11-14,2017,3047,3,123412
2017-11-14,2017,3354,1,121212
2017-11-14,2017,2956,1,122112
2017-11-13,2017,3354,1,121212
2017-11-13,2017,3333,1,121212
2017-11-12,2017,3272,3,123412
2017-11-12,2017,3272,3,123412
2017-11-12,2017,3165,1,122112
2017-11-12,2017,3274,3,123412
2017-11-12,2017,3274,3,123412
2017-11-12,2017,3272,3,123412
2017-11-11,2017,3311,3,123412
2017-11-11,2017,3165,1,122112
2017-11-11,2017,3165,1,122112
2017-11-11,2017,3271,1,121212
2017-11-10,2017,3048,1,121212
2017-11-10,2017,3048,1,121212
2017-11-10,2017,3328,3,123412
2017-11-10,2017,3047,1,121212
2017-11-10,2017,3343,3,123412
2017-11-09,2017,3048,1,121212
2017-11-09,2017,3069,1,121212
2017-11-09,2017,3049,1,121212
2017-11-09,2017,3048,1,121212
2017-11-09,2017,3326,3,123412
2017-11-09,2017,3048,1,121212
2017-11-09,2017,3311,1,121212
2017-11-09,2017,3047,1,121212
2017-11-08,2017,3049,1,121212
2017-11-08,2017,3048,1,121212
2017-11-08,2017,3048,1,121212
2017-11-08,2017,3325,3,123412
2017-11-08,2017,3047,1,121212
2017-11-07,2017,3276,1,121212
2017-11-07,2017,3320,1,121212
2017-11-07,2017,3311,1,121212
2017-11-07,2017,3047,1,121212
2017-11-07,2017,3047,1,121212
2017-11-07,2017,3047,1,121212
2017-11-07,2017,3196,3,121234
2017-11-06,2017,3048,1,121212
2017-11-05,2017,3251,3,123421
2017-11-05,2017,3047,1,121212
2017-11-05,2017,3338,3,123412
2017-11-04,2017,3190,3,123412
2017-11-04,2017,3251,3,123421
2017-11-03,2017,3048,1,121212
2017-11-03,2017,3048,1,121212
2017-11-03,2017,3048,1,121212
2017-11-02,2017,3251,1,112221
2017-11-02,2017,3047,1,121212
2017-11-02,2017,3047,1,121212
2017-11-02,2017,3320,1,121212
2017-11-01,2017,3047,1,121212
2017-11-01,2017,3047,1,121212
2017-10-31,2017,3276,1,121212
2017-10-30,2017,3047,1,121212
2017-10-30,2017,3047,1,121212
2017-10-29,2017,3250,3,123421
2017-10-29,2017,3311,1,121212
2017-10-28,2017,3204,1,121212
2017-10-28,2017,3250,3,123421
2017-10-28,2017,3250,3,123421
2017-10-27,2017,3048,1,121212
2017-10-27,2017,3301,3,123412
2017-10-27,2017,3249,3,123412
2017-10-26,2017,3249,1,112221
2017-10-26,2017,3048,1,121212
2017-10-26,2017,3047,1,121212
2017-10-26,2017,3047,1,121212
2017-10-26,2017,3047,1,121212
2017-10-26,2017,3047,1,121212
2017-10-25,2017,3133,3,123412
2017-10-25,2017,3133,3,123412
2017-10-25,2017,3048,1,121212
2017-10-25,2017,3047,1,121212
2017-10-24,2017,3048,1,121212
2017-10-24,2017,3047,1,121212
2017-10-24,2017,3047,1,121212
2017-10-24,2017,3196,3,121234
2017-10-24,2017,3133,3,123412
2017-10-23,2017,3291,3,123412
2017-10-23,2017,3047,1,121212
2017-10-23,2017,3047,1,121212
2017-10-22,2017,3305,3,123412
2017-10-22,2017,3302,3,123412
2017-10-22,2017,3302,3,123412
2017-10-21,2017,3302,1,121212
2017-10-20,2017,3047,1,121212
2017-10-19,2017,3048,1,121212
2017-10-19,2017,3291,3,123412
2017-10-19,2017,3228,1,121212
2017-10-19,2017,3262,1,121212
2017-10-18,2017,3291,3,123412
2017-10-18,2017,3047,1,121212
2017-10-18,2017,3296,3,123412
2017-10-18,2017,3196,3,121234
2017-10-18,2017,3196,3,121234
2017-10-16,2017,3257,1,112221
2017-10-16,2017,3255,1,112221
2017-10-16,2017,3257,1,112221
2017-10-16,2017,3284,1,121212
2017-10-16,2017,3047,1,121212
2017-10-16,2017,3284,1,121212
2017-10-15,2017,3255,1,112221
2017-10-15,2017,3255,1,112221
2017-10-15,2017,3255,1,112221
2017-10-15,2017,3255,1,112221
2017-10-15,2017,3256,3,123421
2017-10-15,2017,3255,1,112221
2017-10-15,2017,3255,1,112221
2017-10-15,2017,3257,1,112221
2017-10-15,2017,3255,1,112221
2017-10-15,2017,3257,1,112221
2017-10-15,2017,3255,1,112221
2017-10-15,2017,3257,1,112221
2017-10-14,2017,3183,3,121234
2017-10-14,2017,3254,3,123421
2017-10-14,2017,3254,3,123421
2017-10-14,2017,3201,1,121212
2017-10-13,2017,3048,1,121212
2017-10-13,2017,3048,1,121212
2017-10-12,2017,3122,3,123412
2017-10-12,2017,3047,1,121212
2017-10-11,2017,3047,1,121212
2017-10-11,2017,3212,3,123412
2017-10-11,2017,3048,1,121212
2017-10-11,2017,3047,1,121212
2017-10-10,2017,3122,3,123412
2017-10-10,2017,3122,3,123412
2017-10-10,2017,3047,1,121212
2017-10-10,2017,3016,3,123421
2017-10-10,2017,3047,1,121212
2017-10-09,2017,3049,1,121212
2017-10-08,2017,3267,3,123412
2017-10-08,2017,3208,3,123412
2017-10-07,2017,3229,3,123412
2017-10-07,2017,2935,3,123412
2017-10-07,2017,3238,3,123412
2017-10-07,2017,3201,1,121212
2017-10-06,2017,3048,1,121212
2017-10-06,2017,3195,3,123412
2017-10-06,2017,3157,3,123412
2017-10-05,2017,3150,3,123412
2017-10-05,2017,3212,1,121212
2017-10-05,2017,3048,1,121212
2017-10-04,2017,3207,3,123412
2017-10-04,2017,3049,1,121212
2017-10-04,2017,3049,1,121212
2017-10-03,2017,3139,3,123412
2017-10-03,2017,3122,3,123412
2017-10-02,2017,3129,1,121212
2017-10-02,2017,3212,1,121212
2017-10-02,2017,3212,1,121212
2017-10-02,2017,3137,3,123412
2017-10-02,2017,3195,3,123412
2017-10-01,2017,3189,3,123421
2017-10-01,2017,3212,1,121212
2017-09-30,2017,3152,3,123412
2017-09-29,2017,3048,1,121212
2017-09-29,2017,3189,3,123421
2017-09-29,2017,3048,1,121212
2017-09-29,2017,3230,1,121212
2017-09-28,2017,3049,1,121212
2017-09-28,2017,3207,2,121234
2017-09-28,2017,3219,3,123412
2017-09-27,2017,3207,2,121234
2017-09-27,2017,3208,1,121212
2017-09-27,2017,3196,3,121234
2017-09-26,2017,3122,3,123412
2017-09-26,2017,3122,3,123412
2017-09-26,2017,3219,3,123412
2017-09-25,2017,3122,3,123412
2017-09-25,2017,3219,3,123412
2017-09-24,2017,3216,3,123412
2017-09-24,2017,3135,3,123412
2017-09-24,2017,3046,1,122112
2017-09-24,2017,3210,3,121234
2017-09-24,2017,3200,3,123412
2017-09-24,2017,3121,3,123412
2017-09-24,2017,3200,3,123412
2017-09-24,2017,3046,3,123412
2017-09-24,2017,3200,3,123412
2017-09-23,2017,2942,3,123412
2017-09-23,2017,3210,3,121234
2017-09-23,2017,3046,1,121212
2017-09-22,2017,3213,3,123412
2017-09-20,2017,3157,1,121212
2017-09-20,2017,3152,3,123412
2017-09-20,2017,3136,1,121212
2017-09-17,2017,3129,1,121212
2017-09-17,2017,3185,1,121212
2017-09-17,2017,3179,3,123412
2017-09-16,2017,2636,3,123412
2017-09-16,2017,3016,3,123412
2017-09-15,2017,3056,2,121234
2017-09-15,2017,3185,1,121212
2017-09-15,2017,2636,1,122112
2017-09-13,2017,3056,2,121234
2017-09-13,2017,3157,1,121212
2017-09-13,2017,3121,3,123412
2017-09-13,2017,3157,1,121212
2017-09-11,2017,3014,3,123412
2017-09-11,2017,3129,1,121212
2017-09-10,2017,3129,1,121212
2017-09-10,2017,3162,3,123412
2017-09-10,2017,3145,3,123412
2017-09-10,2017,3077,3,123412
2017-09-09,2017,2572,1,121212
2017-09-09,2017,3169,3,123412
2017-09-09,2017,3169,3,123412
2017-09-08,2017,3167,3,123412
2017-09-08,2017,3161,3,312214
2017-09-05,2017,3157,1,121212
2017-09-04,2017,3056,2,121234
2017-09-04,2017,3129,1,121212
2017-09-04,2017,3043,3,123412
2017-09-03,2017,3154,3,123412
2017-09-03,2017,3148,3,123412
2017-09-03,2017,3143,3,123412
2017-09-03,2017,3146,3,123412
2017-09-01,2017,3119,3,123412
2017-08-31,2017,3056,2,121234
2017-08-31,2017,3119,3,123412
2017-08-31,2017,3111,3,123412
2017-08-30,2017,3011,1,121212
2017-08-30,2017,3011,1,121212
2017-08-30,2017,2684,1,121212
2017-08-30,2017,3111,3,123412
2017-08-27,2017,3017,3,123412
2017-08-27,2017,3017,3,123412
2017-08-27,2017,3074,1,121212
2017-08-27,2017,3125,3,123412
2017-08-27,2017,3076,3,123412
2017-08-27,2017,3098,3,123412
2017-08-27,2017,3097,3,123412
2017-08-26,2017,3093,1,121212
2017-08-26,2017,3078,3,122143
2017-08-26,2017,3017,1,121212
2017-08-25,2017,3119,3,123412
2017-08-25,2017,3011,1,121212
2017-08-24,2017,3052,3,123412
2017-08-23,2017,3105,1,121212
2017-08-22,2017,3011,1,121212
2017-08-21,2017,3076,1,121212
2017-08-20,2017,3079,3,121234
2017-08-20,2017,2969,3,123412
2017-08-19,2017,2979,2,121234
2017-08-19,2017,2968,3,123412
2017-08-19,2017,3000,3,122143
2017-08-18,2017,3094,3,123412
2017-08-18,2017,3076,1,121212
2017-08-17,2017,3000,1,121212
2017-08-16,2017,3086,3,123412
2017-08-16,2017,3000,1,121212
2017-08-16,2017,3041,3,123412
2017-08-15,2017,2966,1,121212
2017-08-13,2017,3013,3,122143
2017-08-13,2017,3089,3,123412
2017-08-12,2017,2979,2,121234
2017-08-12,2017,2979,2,121234
2017-08-10,2017,3036,3,121234
2017-08-10,2017,3036,3,121234
2017-08-06,2017,2971,3,123412
2017-08-06,2017,3033,3,123412
2017-08-05,2017,3037,3,123412
2017-08-03,2017,2932,3,123412
2017-08-03,2017,3029,3,123412
2017-08-03,2017,3035,1,121212
2017-08-02,2017,3037,1,121212
2017-07-31,2017,2932,1,121212
2017-07-30,2017,2932,1,121212
2017-07-30,2017,2932,1,121212
2017-07-30,2017,3019,3,123412
2017-07-29,2017,2932,1,121212
2017-07-29,2017,3003,1,121212
2017-07-29,2017,3003,3,123412
2017-07-29,2017,2836,3,123421
2017-07-29,2017,2979,2,121234
2017-07-28,2017,3003,1,121212
2017-07-28,2017,3002,1,121212
2017-07-25,2017,3005,3,123412
2017-07-24,2017,2855,3,123412
2017-07-24,2017,2932,1,121212
2017-07-23,2017,2894,3,123412
2017-07-22,2017,2571,3,123412
2017-07-21,2017,2571,1,121212
2017-07-17,2017,2720,1,112221
2017-07-17,2017,2720,1,112221
2017-07-15,2017,2933,3,123412
2017-07-15,2017,2933,3,123412
2017-07-14,2017,2570,3,123412
2017-07-12,2017,2991,1,121212
2017-07-10,2017,2977,1,121234
2017-07-10,2017,2977,1,121234
2017-07-09,2017,2899,1,121212
2017-07-08,2017,2955,3,123412
2017-07-08,2017,2896,3,123412
2017-07-07,2017,2533,1,121212
2017-07-07,2017,2533,1,121212
2017-07-05,2017,2635,1,122112
2017-07-05,2017,2635,1,122112
2017-07-05,2017,2635,1,122112
2017-07-04,2017,2635,1,122112
2017-07-04,2017,2635,1,122112
2017-07-04,2017,2635,1,122112
2017-07-03,2017,2912,1,121212
2017-07-02,2017,2951,3,123412
2017-07-01,2017,2893,3,123412
2017-07-01,2017,2721,1,121212
2017-06-30,2017,2721,1,121212
2017-06-30,2017,2721,1,121212
2017-06-30,2017,2721,1,121212
2017-06-28,2017,2961,3,123412
2017-06-25,2017,2946,3,123412
2017-06-25,2017,2947,3,123412
2017-06-25,2017,2947,3,123412
2017-06-24,2017,2763,3,123412
2017-06-24,2017,2917,3,121234
2017-06-24,2017,2917,3,121234
2017-06-23,2017,2763,1,121212
2017-06-23,2017,2903,3,123412
2017-06-23,2017,2903,3,123412
2017-06-23,2017,2916,3,123412
2017-06-21,2017,2930,3,123412
2017-06-20,2017,2931,1,121212
2017-06-19,2017,2922,3,123412
2017-06-18,2017,2569,3,123412
2017-06-18,2017,2916,3,123412
2017-06-17,2017,2723,3,123421
2017-06-17,2017,2884,3,123412
2017-06-17,2017,2723,3,123421
2017-06-17,2017,2916,3,123412
2017-06-17,2017,2569,1,121212
2017-06-15,2017,2723,1,121212
2017-06-14,2017,2906,3,123412
2017-06-12,2017,2830,3,123412
2017-06-10,2017,2757,3,123412
2017-06-10,2017,2722,3,123423
2017-06-09,2017,2722,1,121212
2017-06-09,2017,2722,3,123423
2017-06-08,2017,2872,3,123412
2017-06-08,2017,2722,1,121212
2017-06-08,2017,2722,1,121212
2017-06-05,2017,2854,3,123412
2017-06-04,2017,2872,3,123412
2017-06-03,2017,2872,3,123412
2017-06-02,2017,2725,1,121212
2017-06-01,2017,2872,3,123412
2017-06-01,2017,2886,1,121234
2017-06-01,2017,2886,1,121234
2017-05-31,2017,2557,1,122112
2017-05-30,2017,2557,1,122112
2017-05-30,2017,2888,1,121212
2017-05-28,2017,2872,3,123412
2017-05-25,2017,2843,3,121234
2017-05-24,2017,2874,1,121212
2017-05-23,2017,2878,1,121212
2017-05-23,2017,2878,1,121212
2017-05-23,2017,2874,1,121212
2017-05-23,2017,2878,3,123412
2017-05-22,2017,2865,3,123412
2017-05-21,2017,2802,3,123412
2017-05-21,2017,2792,3,123412
2017-05-21,2017,2865,3,123412
2017-05-20,2017,2792,3,123412
2017-05-20,2017,2843,3,121234
2017-05-20,2017,2795,3,123412
2017-05-19,2017,2849,3,123412
2017-05-19,2017,2822,1,121212
2017-05-17,2017,2797,3,123412
2017-05-17,2017,2854,3,123412
2017-05-15,2017,2843,3,121234
2017-05-13,2017,2749,1,121212
2017-05-13,2017,2749,1,121212
2017-05-13,2017,2852,3,321214
2017-05-09,2017,2833,3,123412
2017-05-08,2017,2679,3,123412
2017-05-07,2017,2568,3,123412
2017-05-06,2017,2568,1,121212
2017-05-05,2017,2705,1,121212
2017-05-04,2017,2713,1,122112
2017-05-02,2017,2813,3,123412
2017-05-01,2017,2779,3,121234
2017-04-30,2017,2794,1,121212
2017-04-30,2017,2567,3,123412
2017-04-30,2017,2837,3,123412
2017-04-30,2017,2794,3,123412
2017-04-29,2017,2567,1,121212
2017-04-28,2017,2833,3,123412
2017-04-28,2017,2825,3,123412
2017-04-27,2017,2816,3,123412
2017-04-26,2017,2809,3,123412
2017-04-25,2017,2816,1,121212
2017-04-25,2017,2816,1,121212
2017-04-22,2017,2785,1,121212
2017-04-17,2017,2780,3,123412
2017-04-13,2017,2672,3,123412
2017-04-11,2017,2672,3,123412
2017-04-11,2017,2781,2,121234
2017-04-11,2017,2672,3,123412
2017-04-10,2017,2780,3,123412
2017-04-10,2017,2767,3,123412
2017-04-10,2017,2767,3,123412
2017-04-09,2017,2683,3,123412
2017-04-07,2017,2683,1,121212
2017-04-07,2017,2683,1,121212
2017-04-06,2017,2683,1,121212
2017-04-06,2017,2732,3,123412
2017-04-04,2017,2683,1,121212
2017-04-04,2017,2732,3,123412
2017-04-02,2017,2744,3,123412
2017-04-02,2017,2731,3,123412
2017-04-01,2017,2755,3,123412
2017-04-01,2017,2755,3,123412
2017-04-01,2017,2700,3,121234
2017-03-29,2017,2731,3,123412
2017-03-27,2017,2732,1,121212
2017-03-27,2017,2730,3,123412
2017-03-27,2017,2732,1,121212
2017-03-26,2017,2736,3,123412
2017-03-26,2017,2738,3,123412
2017-03-22,2017,2741,1,121212
2017-03-17,2017,2160,3,123412
2017-03-17,2017,2687,3,123412
2017-03-16,2017,2702,2,121234
2017-03-16,2017,2702,2,121234
2017-03-16,2017,2703,2,121234
2017-03-15,2017,2710,3,123412
2017-03-15,2017,2688,3,123412
2017-03-14,2017,2688,3,123412
2017-03-14,2017,2702,2,121234
2017-03-13,2017,2688,3,123412
2017-03-12,2017,2687,3,123412
2017-03-12,2017,2688,3,123412
2017-03-11,2017,2687,3,123412
2017-03-09,2017,2717,1,121212
2017-03-09,2017,2702,2,121234
2017-03-08,2017,2687,3,123412
2017-03-07,2017,2708,3,123412
2017-03-07,2017,2702,2,121234
2017-03-07,2017,2710,3,123412
2017-03-05,2017,2702,2,121234
2017-03-02,2017,2688,3,123412
2017-03-02,2017,2660,3,123412
2017-03-02,2017,2660,3,123412
2017-03-01,2017,2637,1,122112
2017-03-01,2017,2637,1,122112
2017-03-01,2017,2637,1,122112
2017-03-01,2017,2702,2,121234
2017-02-26,2017,2660,3,123412
2017-02-23,2017,2687,3,123412
2017-02-23,2017,2694,3,123412
2017-02-22,2017,2688,3,123412
2017-02-21,2017,2687,3,123412
2017-02-20,2017,2688,3,123412
2017-02-19,2017,2541,3,123412
2017-02-19,2017,2690,3,123412
2017-02-19,2017,2690,3,123412
2017-02-19,2017,2692,3,123412
2017-02-17,2017,2541,3,123412
2017-02-17,2017,2541,3,123412
2017-02-15,2017,2645,3,123412
2017-02-14,2017,2645,3,123412
2017-02-11,2017,2685,3,123412
2017-02-11,2017,2687,3,123412
2017-02-10,2017,2685,3,123412
2017-02-09,2017,2645,3,123412
2017-02-07,2017,2659,3,123412
2017-02-06,2017,2671,3,121234
2017-02-05,2017,2657,3,123412
2017-02-05,2017,2645,3,123412
2017-02-04,2017,2649,3,123412
2017-02-04,2017,2655,3,123412
2017-02-03,2017,2644,3,123412
2017-01-31,2017,2671,1,121212
2017-01-30,2017,2645,3,123412
2017-01-22,2017,2656,3,123412
2017-01-18,2017,2633,3,123412
2017-01-16,2017,2652,3(Online),123412
2017-01-15,2017,2564,3,123412
2017-01-15,2017,2648,3,123412
2017-01-15,2017,2648,3,123412
2017-01-15,2017,2648,3,123412
2017-01-14,2017,2564,3(LAN),123412
2017-01-14,2017,2564,3,123412
2017-01-09,2017,2633,3,123412
2017-01-09,2017,2633,3,123412
2017-01-09,2017,2633,3,123412
2017-01-08,2017,2538,3,123412
2017-01-08,2017,2538,3,123412
2017-01-07,2017,2538,3,123412
2016-12-25,2016,2632,3,121234
2016-12-21,2016,2630,1,121212
2016-12-15,2016,2622,3,123412
2016-12-13,2016,2622,3,123412
2016-12-11,2016,2367,3,123412
2016-12-10,2016,2367,1,121212
2016-12-10,2016,2536,3,123412
2016-12-10,2016,2612,1,121212
2016-12-10,2016,2619,1,121212
2016-12-10,2016,2367,3,123412
2016-12-10,2016,2612,1,121212
2016-12-04,2016,2555,3,123412
2016-12-04,2016,2589,3,123412
2016-12-02,2016,2605,3,123412
2016-12-01,2016,2407,3,123412
2016-11-27,2016,2536,3,123412
2016-11-26,2016,2601,3,121234
2016-11-24,2016,2110,1,121212
2016-11-20,2016,2380,3,123412
2016-11-17,2016,2261,1,122112
2016-11-16,2016,2546,1,121234
2016-11-16,2016,2546,1,121234
2016-11-14,2016,2546,1,121234
2016-11-14,2016,2546,1,121234
2016-11-12,2016,2454,1,122112
2016-11-11,2016,2423,3,123412
2016-11-11,2016,2423,3,123412
2016-11-11,2016,2535,1,121212
2016-11-11,2016,2535,1,121212
2016-11-10,2016,2286,1,121212
2016-11-07,2016,2549,3,123412
2016-11-06,2016,2504,3,123412
2016-11-06,2016,2546,1,121234
2016-11-06,2016,2546,1,121234
2016-11-05,2016,2407,3,123412
2016-11-04,2016,2504,1,121212
2016-11-04,2016,2504,3,123412
2016-10-31,2016,2533,1,121221
2016-10-30,2016,2340,3,123412
2016-10-30,2016,2501,3,123412
2016-10-29,2016,2544,3,121234
2016-10-28,2016,2306,1,122112
2016-10-27,2016,2306,1,122112
2016-10-27,2016,2306,1,122112
2016-10-26,2016,2306,1,122112
2016-10-21,2016,2452,1,121212
2016-10-20,2016,2527,1,121212
2016-10-19,2016,2526,3,121234
2016-10-19,2016,2410,1,121234
2016-10-19,2016,2410,1,121234
2016-10-19,2016,2526,3,121234
2016-10-16,2016,2524,3,123412
2016-10-16,2016,2524,3,123412
2016-10-12,2016,2499,3,121234
2016-10-07,2016,2311,1,121212
2016-10-05,2016,2490,1,121212
2016-10-04,2016,2397,3,123412
2016-10-02,2016,2478,3,123412
2016-10-01,2016,2239,1,122112
2016-09-30,2016,2478,1,121212
2016-09-29,2016,2380,3,123412
2016-09-28,2016,2468,1,121212
2016-09-23,2016,2449,3,121234
2016-09-23,2016,2334,3,121234
2016-09-21,2016,2451,1,121212
2016-09-21,2016,2395,3,123412
2016-09-18,2016,2112,3,123412
2016-09-18,2016,2444,3,123412
2016-09-17,2016,2420,2,121234
2016-09-15,2016,2406,3,123412
2016-09-14,2016,2406,3,123412
2016-09-13,2016,2413,3,123412
2016-09-13,2016,2419,2,121234
2016-09-13,2016,2397,3,123412
2016-09-13,2016,2348,3,121234
2016-09-11,2016,2427,3,123412
2016-09-11,2016,2389,3,123412
2016-09-11,2016,2419,2,121234
2016-09-10,2016,2428,1,121212
2016-09-10,2016,2419,2,121234
2016-09-10,2016,2325,3,121234
2016-09-09,2016,2325,3,121234
2016-09-08,2016,2402,3,123412
2016-09-08,2016,2402,3,123412
2016-09-08,2016,2422,3,123412
2016-09-07,2016,2325,1,121212
2016-09-06,2016,2262,3,123412
2016-09-04,2016,2351,3,123412
2016-09-04,2016,2351,3,123412
2016-09-04,2016,2285,3,123412
2016-09-03,2016,2285,3,123412
2016-09-03,2016,2285,3,123412
2016-09-01,2016,2387,3,123412
2016-08-31,2016,2395,3,123412
2016-08-30,2016,2387,3,123412
2016-08-28,2016,2356,3,121234
2016-08-28,2016,2356,3,121234
2016-08-27,2016,2356,1,121212
2016-08-26,2016,2356,1,121212
2016-08-26,2016,2356,1,121212
2016-08-24,2016,2380,3,123412
2016-08-24,2016,2348,3,121234
2016-08-22,2016,2380,1,121212
2016-08-22,2016,2269,1,121212
2016-08-21,2016,2382,3,123412
2016-08-21,2016,2382,3,123412
2016-08-20,2016,2364,3,121234
2016-08-18,2016,2364,3,121234
2016-08-17,2016,2329,3,121234
2016-08-16,2016,1690,3,123412
2016-08-15,2016,2374,3,121234
2016-08-10,2016,2329,3,121234
2016-08-10,2016,2348,3,121234
2016-07-30,2016,2329,3,121234
2016-07-28,2016,2301,3,123412
2016-04-13,2016,2099,1,121212
2016-04-13,2016,2099,1,121212
2016-04-13,2016,2099,1,121212
2016-04-13,2016,2099,1,121212